Workbook

Sheet Abbreviations
A1: שם בערבית | B1: שם בתעתיק | C1: קיצור
A2: أبو سنان | B2: Abu Snān | C2: ASn
A3: أبو غوش | B3: Abu Ġoš | C3: AĠ
A4: إرطاس | B4: Irṭās | C4: Ir
A5: إرطاس | B5: Irṭās | C5: Ir
A6: إعبلين | B6: ʿIbillīn | C6: Ib
A7: إكسال | B7: Iksāl | C7: Ik
A8: اريحا | B8: Arīḥa | C8: Arḥ
A9: البعنة | B9: liBʿēni | C9: Bni
A10: البقيعة | B10: ilBqēʿa | C10: Bq
A11: البياضة | B11: elBayāḏ̣a | C11: By
A12: التعامرة | B12: itTaʿāmra | C12: Tʿm
... A193: يطا | B193: Yaṭṭa | C193: Yṭ

Sheet Recordings
B1: שם יישוב בתעתיק | C1: שם יישוב/שבט | D1: קוד ישוב/שבט | E1: קהילה | F1: קוד קהילה | G1: מיון גס לתתי-קבוצות | H1: שם דובר | I1: מגדר דובר | J1: מס' קטלוגי לדובר | K1: תוכן ההקלטה | L1: תופעות בהקלטה | M1: aCC>iCC | N1: diphthongs | O1: fem. ending | P1: med. Imāla | Q1: -a+n (Aram. sub.) | R1: pausal -u>-o#, -i>-e# | S1: ج | T1: ق | U1: assimilation of gutturals to the left | V1: vowel epenthesis | W1: vocal harmonizing | X1: lowering of -uC>-oC/-iC>-eC | Y1: independent pronoun 1.pl نحن | Z1: independent pronoun 3.pl (هم) | AA1: 2.m.pl pron. كم- | AB1: 3.m.pl (poss. pro) هم- | AC1: 3.f.sg pron. ها- | AD1: impf. prefix 3.m.sg | AE1: "want" | AF1: "now" | AG1: "when?" | AH1: "here" | AI1: "was" | AJ1: הערות | AK1: ייעוד | AL1: סטטוס | AM1: בטיפול של | AN1: קישורים להקלטות | AO1: משך ההקלטה | AP1: שם מקליט | AQ1: זמן ההקלטה | AR1: קישורים לתעתיקים | AS1: האם קיים ברשימת היישובים?
A2: مجدل شمس | B2: Maždal Šams | C2: Maždal Šams | D2: MŠ | E2: Druze (Golan) | F2: D | G2: ṯqīl | I2: F | J2: MŠ.1FD | K2: ריכולים וקשקושים. יש קצת סיפורים אחרי סביב 08:00. (יש רעשי רקע לאורך ההקלטה). | L2: dipthongs: nawm 11:56, bayḏ̣āt 27;05; interdentals: xuḏ̣ra 00:55, ; med. imāla: kibēb 01:00, kēn 01:14, banētu 02:38, mētat 04:21; 3.m.pl (poss. pro) هم-: ʿindun 01:01; "was": kēn 01:14; 3.f.sg pron. ها-: kulla 15:01; | M2: FALSE | N2: TRUE | O2: -i | P2: TRUE | Q2: FALSE | R2: TRUE | S2: ž | T2: q | U2: FALSE | W2: FALSE | X2: FALSE | Y2: niḥna | AB2: -h- > -∅- (e.g. -on) | AC2: -a / -ya (after -i-) | AE2: badd | AF2: issa/hassāʿa | AG2: ēmta | AI2: kān | AJ2: תעתיק 25:52-28:50 | AK2: תעתיק | AN2: MŠ.1FD.R1 | AO2: 0.026122685 | AR2: - | AS2: =NOT(ISERROR(MATCH(A2,'Villages according to موسوعة ال'!C:C,0))) -> TRUE
A3: مجدل شمس | B3: Maždal Šams | F3: D | K3: המלחמה בסוריה | L3: med. imāla: mawēdd 01:00, bitnēm 00:39, nēymi 01:42; 1st.personal pron.: ani 00:32; u>i vowel shift: alqids 00:32, kill 01:55, bikra 01:59; | M3: FALSE | N3: TRUE | O3: -i | P3: TRUE | Q3: FALSE | R3: TRUE | S3: ž | T3: q | U3: FALSE | W3: FALSE | X3: FALSE | Y3: niḥna | AC3: -a / -ya (after -i-) | AI3: kān | AK3: דקדוק | AN3: MŠ.1FD.R2 | AO3: 0.0073842593 | AR3: - | AS3: =NOT(ISERROR(MATCH(A3,'Villages according to موسوعة ال'!C:C,0))) -> TRUE
A4: عين قنية | B4: Ein Qiniyye | C4: Ein Qiniyye | D4: EQ | E4: Druze (Golan) | F4: D | G4: ṯqīl | I4: M | J4: EQ.1MD | K4: סיפור עם על מלך | L4: phonotactictical syll. org.: silsilit mayy 00:55; med. imāla: hēḏa lmalak 00:05. no assimilation of gutturals to the left: yrūḥ ʿala 00:08; diphthongs: ṣayd 00:08; | M4: FALSE | N4: TRUE | O4: -i | P4: TRUE | Q4: FALSE | R4: FALSE | S4: ž | T4: q | U4: FALSE | W4: FALSE | X4: FALSE | AE4: badd | AF4: issa/hassāʿa | AK4: תעתיק | AN4: EQ.1MD.R1 | AO4: 0.0021990741 | AR4: - | AS4: =NOT(ISERROR(MATCH(A4,'Villages according to موسوعة ال'!C:C,0))) -> TRUE
A5: مسعدة | B5: Masʿadi | C5: Masʿadi | D5: Ms | E5: Druze (Golan) | F5: D | H5: Maysūn Wēli | I5: F | J5: Ms.1FD | M5: FALSE | N5: FALSE | P5: FALSE | Q5: FALSE | R5: FALSE | U5: FALSE | W5: FALSE | X5: FALSE | AN5: Ms.1FD.R1 | AO5: 0.049490741 | AR5: - | AS5: =NOT(ISERROR(MATCH(A5,'Villages according to موسوعة ال'!C:C,0))) -> TRUE
A6: مسعدة | B6: Masʿadi | E6: Druze (Golan) | F6: D | G6: ṯqīl | H6: Tamāra lḤalabi | I6: F | J6: Ms.2FD | M6: FALSE | N6: FALSE | P6: FALSE | Q6: FALSE | R6: FALSE | U6: FALSE | W6: FALSE | X6: FALSE | AK6: דקדוק | AN6: Ms.2FD.R1 | AO6: 0.0071875 | AP6: Nancy Yonatan Yakir | AR6: - | AS6: =NOT(ISERROR(MATCH(A6,'Villages according to موسوعة ال'!C:C,0))) -> TRUE
A7: مسعدة | B7: Masʿadi | F7: D | K7: לאחר שלא קיבלו חופשה מביה"ס היא וחבריה ברחו ממנו | L7: fe. ending: munēsabi 00:08, miš mitḏakkri 00:09;med. imāla: ṯēmin 00:03, kēn 00:05, munēsabi 00:08; pausal -u > -o#, -i > -e#: rāseː# 00:55; | M7: FALSE | N7: FALSE | O7: -i | P7: TRUE | Q7: FALSE | R7: TRUE | S7: ž | T7: q | U7: FALSE | W7: FALSE | X7: FALSE | Z7: hinne/hinne | AK7: תעתיק | AN7: Ms.2FD.R2 | AO7: 0.0011226852 | AP7: Nancy Yonatan Yakir | AR7: - | AS7: =NOT(ISERROR(MATCH(A7,'Villages according to موسوعة ال'!C:C,0))) -> TRUE
A8: مسعدة | B8: Masʿadi | F8: D | M8: FALSE | N8: FALSE | P8: FALSE | Q8: FALSE | R8: FALSE | U8: FALSE | W8: FALSE | X8: FALSE | AK8: דקדוק | AN8: Ms.2FD.R3 | AO8: 0.0049884259 | AP8: Nancy Yonatan Yakir | AR8: - | AS8: =NOT(ISERROR(MATCH(A8,'Villages according to موسوعة ال'!C:C,0))) -> TRUE
A9: غجر | B9: Ġaǧar | C9: Ġaǧar | D9: Ġǧ | E9: Alawite | F9: Al | I9: F | J9: Ġǧ.1F | K9: יש הרבה רעשי רקע ולא מעט דיבור בעברית. שתי דוברות (?). אחת מספרת קצת על חייה, חתונות בכפר, בישול. | L9: aCC => iCC: ihli 01:09 [cf. maḥabbe 01:59], ; negation: mu mnīḥ 01:24, imp. prefix 1 sg. bi-: bištiġil 04:38, vocal harmony: xibiz 07:38, 3 f.sg. perf. ending -et: ḥamlet 08:13, nāmet 08:16, fāʾet 08:17, žābet 08:35 [cf. rāḥat 08:13]; medial imāla: ʿēmla [cf. rāḥat 08:13], sandhi syncope: mart xayyi 08:36. | M9: TRUE | N9: FALSE | O9: -e | P9: FALSE | Q9: FALSE | R9: TRUE | S9: ž | U9: FALSE | W9: FALSE | X9: FALSE | AJ9: נטיית גוף נסתרת בעבר בין 08:05-08:35 | AK9: דקדוק | AN9: Gǧ.1F.R1 | AO9: 0.0063194444 | AR9: - | AS9: =NOT(ISERROR(MATCH(A9,'Villages according to موسوعة ال'!C:C,0))) -> TRUE
A10: غجر | B10: Ġaǧar | F10: Al | K10: אוכל ובישול. | L10: "זיתים" zaytūn (דיפתונג). | M10: FALSE | N10: FALSE | P10: FALSE | Q10: FALSE | R10: FALSE | U10: FALSE | W10: FALSE | X10: FALSE | AK10: זבל | AN10: Gǧ.1F.R2 | AO10: 0.00078703704 | AR10: - | AS10: =NOT(ISERROR(MATCH(A10,'Villages according to موسوعة ال'!C:C,0))) -> TRUE
A11: غجر | B11: Ġaǧar | F11: Al | K11: הצאן והבקר בכפר יודעים לחזור לבד מהמרעה, כל ראש לביתו | L11: 3 f.sg. perf. ending -et: ḍallet 02:12; medial imāla: tēni 03:10 [cf. muʾāmale 02:59, bil*ā*i ḥālo 04:20, sahrāt 04:46, ḥaflāt 04:46, mašākil 05:04]; indep. pron. 1 pl.: niḥna 04:56; dipthongs: zaytūn 11:25; vocal harmony: xibiz 11:36; aCC=> iCC: miġrib 05:59. | M11: FALSE | N11: FALSE | O11: -i | P11: TRUE | Q11: FALSE | R11: TRUE | S11: ž | T11: ʾ | U11: FALSE | W11: FALSE | X11: FALSE | Y11: iḥna | AC11: -ha | AE11: badd | AF11: issa/hassāʿa | AI11: kān / čān | AJ11: תעתיק בין 05:45-07:37. לדלג על הערות מראיינים באמצע. | AK11: תעתיק | AL11: אושר (אורי) | AM11: בן | AN11: Ġǧ.1F.R3 | AO11: 0.0090277778 | AR11: Ġǧ.1F.R3(t) | AS11: =NOT(ISERROR(MATCH(A11,'Villages according to موسوعة ال'!C:C,0))) -> TRUE
A12: غجر | B12: Ġaǧar | F12: Al | K12: קשה לשמוע בגלל האיכות. | L12: medial imāla: [cf. māt 02:28, šabāb 03:35]; 3 f.sg. perf. ending -et: ištaġlet 02:48; indep. pron. 1 pl.: niḥna 04:00 | M12: FALSE | N12: FALSE | O12: -e | P12: FALSE | Q12: FALSE | R12: TRUE | S12: ž | U12: FALSE | W12: FALSE | X12: FALSE | Y12: niḥna | AE12: badd | AF12: issa/hassāʿa | AK12: זבל | AN12: Gǧ.1F.R4 | AO12: 0.0046643519 | AR12: - | AS12: =NOT(ISERROR(MATCH(A12,'Villages according to موسوعة ال'!C:C,0))) -> TRUE
A13: غجر | B13: Ġaǧar | F13: Al | I13: F | J13: Ġǧ.2F | K13: אירוסין וחתונה | L13: aCC=> iCC: ʿihlo: 01:10, 01:14, 01:16, 03:04, 05:07, 05:16, 06:12 [cf. ḥēki la-ʾahlo 01:12, ḥatta 01:24], dibke/diḥke 05:33; med. imāla: ḥēki 01:12, ē 01:45, ktēb 03:07, bišērku 03:23, tēni 03:28 [cf. bināsíbna 01:28]; Clusters: sinisle 02:00, bikitbu 03:06; dipthongs: ʿayle 00:58 01:19 [cf. bēt 02:18, yōm 06:10] | M13: TRUE | N13: TRUE | O13: -i | P13: TRUE | Q13: FALSE | R13: TRUE | S13: ž | T13: ʾ | U13: FALSE | V13: *CCC > CvCC | W13: FALSE | X13: FALSE | Y13: iḥna | AD13: bi- | AE13: badd | AF13: issa/hassāʿa | AH13: hōn | AJ13: תעתיק בין 00:31 - 03:27 | AK13: תעתיק | AL13: אושר (אורי) | AM13: בן | AN13: Ġǧ.2F.R1 | AO13: 0.0074074074 | AR13: Ġǧ.2F.R1(t) | AS13: =NOT(ISERROR(MATCH(A13,'Villages according to موسوعة ال'!C:C,0))) -> TRUE
A14: الجش | B14: ižŽišš | C14: ižŽišš | D14: Žš | E14: Christian (Catholic) | F14: C | G14: tʾīl | H14: אבו כמיל (AK) | I14: M | J14: Žš.1MC | K14: מספר על חיפושיו אחר אישה לאחר שהתאלמן. | L14: אין בין-שיניות. מימוש ج>ž. מימוש ق>ʾ. צורת baddi., כינוי נסתרת ללא h. אין בין-שיניות. | M14: FALSE | N14: FALSE | O14: -i | P14: FALSE | Q14: FALSE | R14: FALSE | S14: ž | U14: FALSE | W14: FALSE | X14: FALSE | AB14: -h- > -∅- (e.g. -on) | AD14: bi- | AE14: badd | AF14: issa/hassāʿa | AK14: הגהה | AL14: עבר הגהה | AM14: נור + עהוד | AN14: Žš.1MC.R1 | AO14: 0.0014236111 | AP14: Rajaa | AQ14: 2017 (??) | AR14: Žš.1MC.R1(t) | AS14: =NOT(ISERROR(MATCH(A14,'Villages according to موسوعة ال'!C:C,0))) -> TRUE
A15: كفر برعم | B15: Kufur Birʿim | C15: Kufur Birʿim | D15: Br | E15: Christian (Maronite) | F15: C | G15: tʾīl | H15: Suʿād Antanas | I15: F | J15: Br.1FC | K15: על המשפחה. יש לה שלוש בנות ושני בנים, בת אחת למדה ומלמדת כימיה, אחת למדה חינוך מיוחד, אחת עניינים חברתיים. בן אחד עובד ברמב"ם והשני עובד במחשבים. | L15: ʿandi. אין בין-שיניות. סיומת נקבה i-. | M15: FALSE | N15: FALSE | O15: -i | P15: FALSE | Q15: FALSE | R15: FALSE | S15: ž | U15: FALSE | W15: FALSE | X15: FALSE | AD15: bi- | AE15: bidd | AF15: issa/hassāʿa | AH15: hōn | AK15: הגהה | AL15: עבר הגהה | AM15: נור + עהוד | AN15: Br.1FC.R1 | AO15: 0.0011458333 | AP15: Rajaa | AQ15: 2017 | AR15: Br.1FC.R1(t) | AS15: =NOT(ISERROR(MATCH(A15,'Villages according to موسوعة ال'!C:C,0))) -> TRUE
A16: كفر برعم | B16: Kufur Birʿim | E16: Christian (Maronite) | F16: C | G16: tʾīl | H16: Žiryis Qayṣar Antanas | I16: M | J16: Br.2MC | K16: למד בבית ספר יהודי ולא ידע עברית. ביום הראשון אבא שלו אמר שיחכה לו ובסוף הלימודים הוא לא מצא אותו. | L16: "הלכתי" נשמע כמו ruḥet>raḥet*. כינוי חבור נסתרת ללא h, למשל: bi-waʾta. אין בין-שיניות. ق = q. ج = ž. תנועת a בעתיד ב-aʿraf אבל yiʿrif . | M16: FALSE | N16: FALSE | P16: FALSE | Q16: FALSE | R16: FALSE | U16: FALSE | W16: FALSE | X16: FALSE | AK16: בקרה | AL16: אושר (אורי) | AM16: נור + עהוד | AN16: Br.2MC.R1 | AO16: 0.0016782407 | AP16: Elisheva | AQ16: 2016 | AR16: Br.2MC.R1(t) | AS16: =NOT(ISERROR(MATCH(A16,'Villages according to موسوعة ال'!C:C,0))) -> TRUE
A17: كفر برعم | B17: Kufur Birʿim | E17: Christian (Maronite) | F17: C | H17: Antanas Marūn | I17: M | J17: Br.3MC | K17: מספר על בנו שנהרג בתאונה בגלל התקף לב. הותיר לו שלוש נכדות. | L17: סיומת נקבה i-. אמאלה תוכית עדינה. ʿandīhum | M17: FALSE | N17: FALSE | P17: FALSE | Q17: FALSE | R17: FALSE | U17: FALSE | W17: FALSE | X17: FALSE | AK17: דקדוק | AN17: Br.3MC.R1 | AO17: 0.0013541667 | AR17: - | AS17: =NOT(ISERROR(MATCH(A17,'Villages according to موسوعة ال'!C:C,0))) -> TRUE
A18: كفر برعم | B18: Kufur Birʿim | E18: Christian (Maronite) | F18: C | H18: Saʿda Antanas Faraḥ Marūn | I18: F | J18: Br.4FC | K18: התחתנה עם מישהו ממשפחת ח'ורי שהיה חבר של אביה. היא קטנה ממנו ב-10 שנים. הוריו גרו איתם ואחיו היה בלבנון. | M18: FALSE | N18: FALSE | P18: FALSE | Q18: FALSE | R18: FALSE | U18: FALSE | W18: FALSE | X18: FALSE | AK18: דקדוק | AN18: Br.4FC.R1 | AO18: 0.0009375 | AR18: - | AS18: =NOT(ISERROR(MATCH(A18,'Villages according to موسوعة ال'!C:C,0))) -> TRUE
A19: كفر برعم | B19: Kufur Birʿim | E19: Christian (Maronite) | F19: C | G19: tʾīl | H19: Ṣubḥi Farḥāt | I19: M | J19: Br.5MC | K19: התקפה על המנזר (או דיר חנא?). | M19: FALSE | N19: FALSE | P19: FALSE | Q19: FALSE | R19: FALSE | U19: FALSE | W19: FALSE | X19: FALSE | AK19: תעתיק | AL19: עבר תעתיק | AM19: דאליה + אורי | AN19: Br.5MC.R1 | AO19: 0.0020601852 | AR19: Br.5MC.R1(t) | AS19: =NOT(ISERROR(MATCH(A19,'Villages according to موسوعة ال'!C:C,0))) -> TRUE
A20: فسوطة | B20: Fassūṭa | C20: Fassūṭa | D20: Fs | E20: Christian (Catholic) | F20: C | G20: tʾīl | H20: עבלה אבו סים... (AAS) | I20: F | J20: Fs.1FC | K20: הדוד היה סתת שעשה הכול. עבדה אצל הדוד בבניה ותוך כדי הביאה ילדים. | L20: אין בין-שיניות. מימוש ج>ž. מימוש ق>ʾ. שימוש בשורש بقي. סיומת נקבה = i. | M20: FALSE | N20: FALSE | O20: -i | P20: FALSE | Q20: FALSE | R20: FALSE | S20: ž | U20: FALSE | W20: FALSE | X20: FALSE | Y20: iḥna | AB20: -h- > -∅- (e.g. -on) | AD20: bi- | AE20: badd | AF20: issa/hassāʿa | AH20: hōn | AK20: הגהה | AL20: עבר הגהה | AM20: נור + עהוד | AN20: Fs.1FC.R1 | AO20: 0.0022106481 | AP20: Rajaa | AQ20: 2017 (??) | AR20: Fs.1FC.R1(t) | AS20: =NOT(ISERROR(MATCH(A20,'Villages according to موسوعة ال'!C:C,0))) -> TRUE
A21: فسوطة | B21: Fassūṭa | F21: C | K21: מתכון לכובה. | M21: FALSE | N21: FALSE | P21: FALSE | Q21: FALSE | R21: FALSE | U21: FALSE | W21: FALSE | X21: FALSE | AK21: דקדוק | AN21: Fs.1FC.R2 | AO21: 0.0012847222 | AP21: Rajaa | AQ21: 2017 (??) | AR21: - | AS21: =NOT(ISERROR(MATCH(A21,'Villages according to موسوعة ال'!C:C,0))) -> TRUE
A22: فسوطة | B22: Fassūṭa | E22: Christian (Catholic) | F22: C | G22: tʾīl | H22: מרסיל אבו-איוב (MAA) | I22: F | J22: Fs.2FC | K22: חוויות מביה"ח. | L22: אין בין-שיניות. מימוש ج>ž. מימוש ق>ʾ. סיומת נקבה = i. אין h בכינוי חבור. שימוש בגלייד בכינוי חבור: fiyyu. | M22: FALSE | N22: FALSE | O22: -i | P22: FALSE | Q22: FALSE | R22: TRUE | S22: ž | T22: ʾ | U22: FALSE | W22: FALSE | X22: TRUE | AB22: -h- > -∅- (e.g. -on) | AD22: bi- | AF22: issa/hassāʿa | AH22: hōn | AI22: kān / čān | AK22: הגהה | AL22: עבר הגהה | AM22: נור + עהוד | AN22: Fs.2FC.R1 | AO22: 0.00081018519 | AP22: Rajaa | AQ22: 43070 | AR22: Fs.2FC.R1(t) | AS22: =NOT(ISERROR(MATCH(A22,'Villages according to موسوعة ال'!C:C,0))) -> TRUE
A23: فسوطة | B23: Fassūṭa | E23: Christian (Catholic) | F23: C | G23: tʾīl | H23: מריס ח'ליל נז'אר (MXN) | I23: M | J23: Fs.3MC | K23: מספר שאמו הגיע לכפר מסוריה כמורה ואביו עזב את ארוסתו בשביל להתחתן איתה. | L23: כינוי חבור נקבה בלי h. לפעמים יש בין-שיניות ולפעמים לא. | M23: FALSE | N23: FALSE | O23: -i | P23: FALSE | Q23: FALSE | R23: FALSE | S23: ž | T23: ʾ | U23: FALSE | W23: TRUE | X23: FALSE | AC23: -a | AD23: bi- | AF23: issa/hassāʿa | AH23: hōn | AI23: kān / čān | AK23: הגהה | AL23: אושר (אורי) | AM23: נור + עהוד | AN23: Fs.3MC.R1 | AO23: 0.00048611111 | AP23: Layal Bshara | AQ23: 43070 | AR23: Fs.3MC.R1(t) | AS23: =NOT(ISERROR(MATCH(A23,'Villages according to موسوعة ال'!C:C,0))) -> TRUE
A24: فسوطة | B24: Fassūṭa | F24: C | K24: מספר על אמו שהגיעה מיברוד, סוריה, ועל החיים שם. | L24: כינוי חבור "הם" an-, בצורה benātan. סיומת נקבה i-. | M24: FALSE | N24: FALSE | O24: -i | P24: FALSE | Q24: FALSE | R24: FALSE | S24: ž | T24: ʾ | U24: FALSE | W24: FALSE | X24: FALSE | AB24: -h- > -∅- (e.g. -on) | AC24: -a | AD24: bi- | AF24: issa/hassāʿa | AH24: hōn | AI24: kān / čān | AJ24: לחבר לטקסט הקודם של אותו הדובר | AK24: הגהה | AL24: אושר (אורי) | AM24: נור + עהוד | AN24: Fs.3MC.R2 | AO24: 0.00061342593 | AP24: Layal Bshara | AQ24: 43071 | AR24: Fs.3MC.R2(t) | AS24: =NOT(ISERROR(MATCH(A24,'Villages according to موسوعة ال'!C:C,0))) -> TRUE
A25: ترشيحا | B25: Taršīḥa | C25: Taršīḥa | D25: Tr | E25: Christian (Maronite) | F25: C | G25: tʾīl | I25: F | J25: Tr.1F | K25: הדוברת מספרת על הילדות, משחקים, רקמה. | L25: šū usmo, כינוי חבור נקבה בלי h בצורה kullayāta. حتّى = ḥitta, ج = לפעמים ǧ (בצורות ǧīl, nǧīb) אך לפעמים ž (בצורות fanažīn, ḥižāra, žirān, žīl). ق = ʾ. | M25: FALSE | N25: FALSE | P25: FALSE | Q25: FALSE | R25: FALSE | U25: FALSE | W25: FALSE | X25: FALSE | AK25: תעתיק | AL25: אושר (אורי) | AM25: ניצן + תסנים | AN25: Tr.1F.R1 | AO25: 0.0016898148 | AR25: Tr.1F.R1(t) | AS25: =NOT(ISERROR(MATCH(A25,'Villages according to موسوعة ال'!C:C,0))) -> TRUE
A26: ترشيحا | B26: Taršīḥa | E26: Christian (Maronite) | F26: C | G26: tʾīl | H26: Sitt Jarāysi | I26: F | J26: Tr.2F | K26: סיפור על סוס שהיה למשפחתתה . | L26: אמאלה תוכית, baddi. ق = ʾ. ج>ž. קיצור דיפתונג: žaʿān. אין בינן-שיניות. בכינוי החבור נקבה יש h. | M26: FALSE | N26: FALSE | O26: -i | P26: FALSE | Q26: FALSE | R26: FALSE | S26: ž | T26: ʾ | U26: FALSE | W26: TRUE | X26: FALSE | Y26: iḥna | AA26: -ku/-ko | AC26: -ha | AE26: badd | AI26: kān / čān | AK26: הגהה | AL26: אושר (אורי) | AM26: בן | AN26: Tr.2F.R1 | AO26: 0.0014699074 | AP26: Maram Jaraysi | AR26: Tr.2F.R1(t) | AS26: =NOT(ISERROR(MATCH(A26,'Villages according to موسوعة ال'!C:C,0))) -> TRUE
A27: ترشيحا | B27: Taršīḥa | E27: Christian (Maronite) | F27: C | L27: סובסרט ארמי: lamman. אין בין-שיניות. אמאלה סופית i-. מימוש ج>ž. מימוש ق>ʾ. איבוד נחציות tisfīr. אמאלה תוכית עדינה. ḍarabtu la-hāda lwalad | M27: TRUE | N27: FALSE | O27: -i | P27: TRUE | Q27: TRUE | R27: FALSE | S27: ž | T27: ʾ | U27: TRUE | W27: TRUE | X27: FALSE | Y27: iḥna | AD27: bi- | AF27: issa/hassāʿa | AI27: kān / čān | AK27: הגהה | AL27: עבר הגהה | AM27: בן | AN27: Tr.2F.R2 | AO27: 0.0033101852 | AP27: Maram Jaraysi | AR27: Tr.2F.R2(t) | AS27: =NOT(ISERROR(MATCH(A27,'Villages according to موسوعة ال'!C:C,0))) -> TRUE
A28: ترشيحا | B28: Taršīḥa | E28: Christian (Maronite) | F28: C | K28: מספרת על משפחתה ועל חייה. | L28: סיומת נקבה i-. הנמכת ססב"מ, סיומת הפועל perf.1SG היא et-. "בנים" ṣibyān. אין בין-שיניות. צורת הפועל perf.3SGF היא kibrat. "כולן" kullayāton. "אצלן" ʿandon. "בריאות" ṣuḥḥa. | M28: FALSE | N28: FALSE | P28: FALSE | Q28: FALSE | R28: FALSE | U28: FALSE | W28: FALSE | X28: FALSE | AK28: דקדוק | AN28: Tr.2F.R3 | AO28: 0.0015972222 | AR28: - | AS28: =NOT(ISERROR(MATCH(A28,'Villages according to موسوعة ال'!C:C,0))) -> TRUE
A29: ترشيحا | B29: Taršīḥa | E29: Christian (Maronite) | F29: C | K29: סיפור על בתה של המספרת. | L29: "אמרתי לה" ʾultilla, בלי h בכינוי חבור 3SGF. "את" anti. "ארביץ לך" aḍurbek. "אחיה" axūha עם h בכינוי חבור 3SGF. | M29: FALSE | N29: FALSE | P29: FALSE | Q29: FALSE | R29: FALSE | U29: FALSE | W29: FALSE | X29: FALSE | AC29: -a; -ha only after -ū- | AK29: דקדוק | AN29: Tr.2F.R4 | AO29: 0.0012037037 | AR29: - | AS29: =NOT(ISERROR(MATCH(A29,'Villages according to موسوعة ال'!C:C,0))) -> TRUE
A30: ترشيحا | B30: Taršīḥa | I30: F | J30: Tr.3F | K30: חווית הדוברת בלימודיה בבאר שבע, רחוק מהבית. | L30: ق = ʾ. ج = ž. אמאלה תוכית בולטת. אין בין-שיניות. סיומת נקבה i-. "מחוץ לבית" barrīt ilbēt. | M30: FALSE | N30: FALSE | P30: FALSE | Q30: FALSE | R30: FALSE | U30: FALSE | W30: FALSE | X30: FALSE | AK30: דקדוק | AN30: Tr.3F.R1 | AO30: 0.0015277778 | AR30: - | AS30: =NOT(ISERROR(MATCH(A30,'Villages according to موسوعة ال'!C:C,0))) -> TRUE
A31: ترشيحا | B31: Taršīḥa | E31: Christian (Catholic) | F31: C | G31: tʾīl | H31: Jadon Yousif Jadon (?) | I31: M | J31: Tr.4MC | K31: אחד התלמידים בכיתה שלו חלה והכיתה אספה כסף בשביל לפנק אותו. אחד המורים התרגז. | L31: aCC > iCC, למשל midrasi. ق = ʾ. במילה "חולה" marīḍ אין בין-שיניות, אולם בצורה baʿḏ̣un יש בין-שיניות. "משתתפים" yištirku. "לבדם" laḥālun. "הם" hunni. | M31: FALSE | N31: FALSE | O31: -i | P31: FALSE | Q31: FALSE | R31: FALSE | S31: ž | T31: ʾ | U31: TRUE | V31: *CCC > CCvC | W31: FALSE | X31: FALSE | Z31: hunne | AB31: -h- > -∅- (e.g. -on) | AD31: bi- | AF31: issa/hassāʿa | AH31: hōn | AI31: kān / čān | AK31: הגהה | AL31: עבר הגהה | AM31: נור + עהוד | AN31: Tr.4MC.R1 | AO31: 0.0010416667 | AP31: Yara Bshara | AQ31: 43009 | AR31: Tr.4MC.R1(t) | AS31: =NOT(ISERROR(MATCH(A31,'Villages according to موسوعة ال'!C:C,0))) -> TRUE
A32: ترشيحا | B32: Taršīḥa | E32: Christian (Catholic) | F32: C | G32: tʾīl | H32: Suʿād Asʿad Musa Bshara | I32: F | J32: Tr.5FC | K32: מספרת על בנה (כנראה) בוטרוס ועל חושו המוסיקלי. | L32: "בשבילם" la-ʾilhun. ق = ʾ. ج = ž. "הוא" huwwe. "יעשה" yaʿmal. "רוצה" baddu. "יוצא" byiṭlaʿ. אין בין-שיניות. "אם" iza. "זה" hāda. "ברור/בולט" ẓāhir. | M32: TRUE | N32: TRUE | O32: -i | P32: FALSE | Q32: FALSE | R32: TRUE | S32: ž | T32: ʾ | U32: FALSE | W32: FALSE | X32: FALSE | AC32: -ha | AD32: byi- | AE32: badd | AF32: issa/hassāʿa | AH32: hōn | AI32: kān / čān | AK32: הגהה | AL32: עבר הגהה | AM32: נור + עהוד | AN32: Tr.5FC.R1 | AO32: 0.001412037 | AP32: Yara Bshara | AQ32: 43009 | AR32: Tr.5FC.R1(t) | AS32: =NOT(ISERROR(MATCH(A32,'Villages according to موسوعة ال'!C:C,0))) -> TRUE
A33: ترشيحا | B33: Taršīḥa | F33: C | K33: המשך הסיפור על בוטרוס. | M33: TRUE | N33: TRUE | O33: -i | P33: FALSE | Q33: FALSE | R33: TRUE | S33: ž | T33: ʾ | U33: TRUE | V33: *CCC > CvCC | W33: FALSE | X33: FALSE | AC33: -ha | AD33: byi- | AE33: badd | AF33: issa/hassāʿa | AH33: hōn | AI33: kān / čān | AK33: הגהה | AL33: עבר הגהה | AM33: נור + עהוד | AN33: Tr.5FC.R2 | AO33: 0.00061342593 | AP33: Yara Bshara | AQ33: 43009 | AR33: Tr.5FC.R2(t) | AS33: =NOT(ISERROR(MATCH(A33,'Villages according to موسوعة ال'!C:C,0))) -> TRUE
A34: ترشيحا | B34: Taršīḥa | E34: Christian (Catholic) | F34: C | G34: tʾīl | H34: Wadīʿa Jiryis Khoury | I34: F | J34: Tr.6FC | K34: הקשיים אחרי פטירת אביה של האינפורמנטית והאחריות לגדל אותם המוטלת עליה אין עכשיו. הדוברת מספרת שנאלצה ללכת ללמוד סיעוד בכפר סבא ואז עבדה בכל מני כפרים. | L34: אין בין-שיניות. ق = ʾ. ج = ž. "היו נותנים לנו" kānu yanṭūna. | M34: FALSE | N34: TRUE | O34: -i | P34: FALSE | Q34: FALSE | R34: FALSE | S34: ž | T34: ʾ | U34: FALSE | V34: *CCC > CvCC | W34: FALSE | X34: FALSE | AB34: -h- > -∅- (e.g. -on) | AE34: badd | AF34: issa/hassāʿa | AH34: hōn | AI34: kān / čān | AK34: הגהה | AL34: אושר (אורי) | AM34: נור + עהוד | AN34: Tr.6FC.R1 | AO34: 0.0018287037 | AP34: Yara Bshara | AQ34: 42887 | AR34: Tr.6FC.R1(t) | AS34: =NOT(ISERROR(MATCH(A34,'Villages according to موسوعة ال'!C:C,0))) -> TRUE
A35: ترشيحا | B35: Taršīḥa | E35: Christian (Catholic) | F35: C | G35: tʾīl | H35: ʿAyda Bshara Susan (?) | I35: F | J35: Tr.7FC | K35: הבן שלה הלך לגור עם דוד שלו שאהב אותו באמריקה, נשאר שם ולא רצה לחזור. | L35: "רוצה" baddo. לא מובן לי אבל נראה חשוב: w-ftēt ʾa ktīr haʾnaʿtu. | M35: FALSE | N35: FALSE | O35: -i | P35: FALSE | Q35: FALSE | R35: FALSE | S35: ž | T35: ʾ | U35: FALSE | V35: *CCC > CvCC | W35: FALSE | X35: FALSE | AA35: -kum/-kom | AD35: bi- | AE35: badd | AF35: issa/hassāʿa | AH35: hōn | AI35: kān / čān | AK35: הגהה | AL35: בטיפול | AM35: נור + עהוד | AN35: Tr.7FC.R1 | AO35: 0.00077546296 | AP35: Yara Bshara | AQ35: 43009 | AR35: Tr.7FC.R1(t) | AS35: =NOT(ISERROR(MATCH(A35,'Villages according to موسوعة ال'!C:C,0))) -> TRUE
A36: ترشيحا | B36: Taršīḥa | E36: Muslim | F36: M | G36: tʾīl | H36: Nažwa ʿUmar | I36: F | J36: Tr.8F | K36: הדוברת היא נז'וה עמר, ילידת לבנון. תמצית: המשפחה חוזרת מלבנון עם משפחת רשיד א-סח'ניני. ילדי המשפחה הופכים להיות אחים שלה להנקה והילדים שלהם מכנים אותה עמתי נז'וה. | L36: סיומת נקבה i-. ق = ʾ. פירוק צרור סופי למרות סונוריות יורדת: ḏ̣areb. ج = ž. כינוי חבור "שלהם" hun-. אין בין-שיניות, פוצצים חוץ מ-ẓurūf. | M36: FALSE | N36: FALSE | P36: FALSE | Q36: FALSE | R36: FALSE | U36: FALSE | W36: FALSE | X36: FALSE | AK36: הגהה | AL36: בטיפול | AM36: תומר | AN36: Tr.8F.R1 | AO36: 0.0028125 | AP36: Layāl Bshara | AQ36: 43040 | AR36: Tr.8F.R1(t) | AS36: =NOT(ISERROR(MATCH(A36,'Villages according to موسوعة ال'!C:C,0))) -> TRUE
A37: ترشيحا | B37: Taršīḥa | E37: Muslim | F37: M | G37: ṯʾīl | H37: Xālid Swiṭāt | I37: M | J37: Tr.9M | K37: הדובר פקיד רפואי בקופ״ח, נרקומן דורש התחייבות שלא מגיעה לו ומאיים עליו. | L37: אין בין-שיניות. ق = ʾ. ج = ž. "היו נותנים לנו" kānu yanṭūna. | M37: FALSE | N37: FALSE | P37: FALSE | Q37: FALSE | R37: FALSE | U37: FALSE | W37: FALSE | X37: FALSE | AK37: הגהה | AL37: עבר הגהה | AM37: תומר | AN37: Tr.9M.R1 | AO37: 0.00077546296 | AP37: Layal Bshara | AQ37: 43040 | AR37: Tr.9M.R1(t) | AS37: =NOT(ISERROR(MATCH(A37,'Villages according to موسوعة ال'!C:C,0))) -> TRUE
A38: ترشيحا | B38: Taršīḥa | E38: Muslim | F38: M | H38: Zaki Abu Hāšim | I38: M | J38: Tr.10M | K38: פעם הכול היה רגוע. החקלאים היו עובדים בקיץ ויושבים בחורף. אז היו חיים חברתיים ולא היו טלוויזיות. | L38: יש בין-שיניות. מימוש ق>ʾ ולפעמים q. | M38: FALSE | N38: FALSE | O38: -i | P38: FALSE | Q38: FALSE | R38: FALSE | U38: FALSE | V38: *CCC > CvCC | W38: FALSE | X38: FALSE | AC38: -ha | AK38: הגהה | AL38: עבר הגהה | AM38: בן | AN38: Tr.10M.R1 | AO38: 0.0027430556 | AP38: Rajaa | AQ38: (??) | AR38: Tr.10M.R1(t) | AS38: =NOT(ISERROR(MATCH(A38,'Villages according to موسوعة ال'!C:C,0))) -> TRUE
A39: ترشيحا | B39: Taršīḥa | E39: Christian (Orthodox) | F39: C | G39: tʾīl | H39: Adeebi Yousif Khoury | I39: F | J39: Tr.11FC | K39: מספרת על ילדיה, היכן למדו. פתחו חנות. | L39: אין בין-דיניות. מימוש ق>ʾ. | M39: FALSE | N39: FALSE | P39: FALSE | Q39: FALSE | R39: FALSE | U39: FALSE | W39: FALSE | X39: FALSE | AK39: הגהה | AL39: עבר הגהה | AM39: תומר | AN39: Tr.11FC.R1 | AO39: 0.0017939815 | AP39: Yara Bshara | AQ39: 43009 | AR39: Tr.11M.R1(t) | AS39: =NOT(ISERROR(MATCH(A39,'Villages according to موسوعة ال'!C:C,0))) -> TRUE
A40: ترشيحا | B40: Taršīḥa | E40: Christian (Orthodox) | F40: C | G40: ṯʾīl | H40: Ghassān Gharzῡzi | I40: M | J40: Tr.12MC | K40: דאוד השומר הנוצרי ירה איש מוסלמי בטעות והרג אותו, יצאו שמועות שמוסלמים בתרשיחא רצו לנקום ולהרוג איש נוצרי, אך המוסלמים שמרו על הנוצרים מכל פגיעה, במידה ומישהו מוסלמי ירצה לפגוע בהם, והם חיו בסובלנות ביחד כל הזמן. | L40: כינוי חבור , substarte from aramiac: lammin (=lamman) , מימוש ق>ʾ. סיומת נקבה e-. ج = ž. | M40: FALSE | N40: FALSE | O40: -e | P40: FALSE | Q40: FALSE | R40: FALSE | S40: ž | T40: ʾ | U40: FALSE | W40: FALSE | X40: FALSE | Z40: hunne | AE40: badd | AI40: kān / čān | AK40: הגהה | AL40: אושר (אורי) | AM40: רבחי | AN40: Tr.12MC.R1 | AO40: 0.00068287037 | AP40: Layal Bshara | AQ40: 43009 | AR40: Tr.12MC.R1(t) | AS40: =NOT(ISERROR(MATCH(A40,'Villages according to موسوعة ال'!C:C,0))) -> TRUE
A41: ترشيحا | B41: Taršīḥa | E41: Christian (Orthodox) | F41: C | G41: tʾīl | H41: Nabil Khoury | I41: M | J41: Tr.13MC | K41: סיפור שלו כמורה בבי"ס. עבד כמורה והרביץ לתלמיד, אבל אח"כ עזר לו להישאר לסיים בית ספר. מאוחר יותר התלמיד חזר אליו להודות לו. | L41: בין-שיניים > פוצצים. aġdar. baddna . מעתק aCC>iCC. ق = ʾ. ج = ž. סיומת נקבה i-. | M41: FALSE | N41: FALSE | P41: FALSE | Q41: FALSE | R41: FALSE | U41: FALSE | W41: FALSE | X41: FALSE | AK41: הגהה | AL41: עבר הגהה | AM41: ינאי | AN41: Tr.13MC.R1 | AO41: 0.0029166667 | AP41: Rajaa | AQ41: 2017 | AR41: Tr.13MC.R1(t) | AS41: =NOT(ISERROR(MATCH(A41,'Villages according to موسوعة ال'!C:C,0))) -> TRUE
A42: معليا | B42: Miʿilya | C42: Miʿilya | D42: Ml | E42: Christian (Catholic) | F42: C | G42: ṯqīl | H42: Mīra Wakīm | I42: F | J42: Ml.1FC | K42: זכרונות משנות הנעורים, עבודה בשדה עם משפחתה. | L42: [בגוף התעתיק יש רשימה של תופעות]. ق = q. ج = ž. סיומת נקבה i-. מעתק CaCX > CaCaX (wažaʿ). פ"ו: awzin. פ"א: nōkul. | M42: FALSE | N42: FALSE | O42: -i | P42: FALSE | Q42: FALSE | R42: FALSE | S42: ž | T42: q | U42: TRUE | V42: *CCC > CCvC | W42: FALSE | X42: FALSE | Y42: iḥna | AA42: -ku/-ko | AD42: bi- | AE42: bidd | AF42: issa/hassāʿa | AI42: kān / čān | AK42: הגהה | AL42: עבר הגהה | AM42: בן | AN42: Ml.1FC.R1 | AO42: 0.00078703704 | AP42: Layāl Bshara | AQ42: 43040 | AR42: Ml.1FC.R1(t) | AS42: =NOT(ISERROR(MATCH(A42,'Villages according to موسوعة ال'!C:C,0))) -> TRUE
A43: معليا | B43: Miʿilya | E43: Christian (Catholic) | F43: C | G43: ṯqīl | H43: Žanēt Mʿallim | I43: F | J43: Ml.2FC | K43: ז’אנית מעלם, בת 70 (1948), כאשר הייתה ילדה היא עזרה למשפחה בעבודת החקלאות במיוחד בעונת הזית. היא סיימה בית ספר ועבדה כמורה בבתי ספר. הזכרונות על מבצר בכפר שבו אספו את חיות הכפר מפחד הגנבים בלילה. | L43: ق = q. ج = ž. סיומת נקבה i-. כינוי חבור 3FSG בלי h לאחר הברה סגורה, אבל יש fīha. | M43: TRUE | N43: FALSE | O43: -i | P43: TRUE | Q43: FALSE | R43: FALSE | S43: ž | T43: q | U43: FALSE | V43: *CCC > CCvC | W43: FALSE | X43: FALSE | Z43: hunne | AD43: bi- | AE43: bidd | AF43: issa/hassāʿa | AI43: kān / čān | AK43: הגהה | AL43: עבר הגהה | AM43: בן | AN43: Ml.2FC.R1 | AO43: 0.0011342593 | AP43: Layal Bshara | AQ43: 43040 | AR43: Ml.2FC.R1(t) | AS43: =NOT(ISERROR(MATCH(A43,'Villages according to موسوعة ال'!C:C,0))) -> TRUE
A44: معليا | B44: Miʿilya | F44: C | G44: ṯqīl | K44: מתרפקת על הזכרונות מימיה כנערה בזמן המסיק עם בני משפחתה והתכונות החייוביות של עצי הזית. | L44: aCC>iCC. ḥilaw. עוד תופעות. | M44: FALSE | N44: TRUE | O44: -i | P44: FALSE | Q44: FALSE | R44: FALSE | S44: ž | T44: q | U44: FALSE | W44: FALSE | X44: FALSE | AB44: -h- > -∅- (e.g. -on) | AC44: -a | AD44: bi- | AE44: badd | AF44: issa/hassāʿa | AI44: kān / čān | AK44: הגהה | AL44: עבר הגהה | AM44: נור + עהוד | AN44: Ml.2FC.R2 | AO44: 0.00064814815 | AP44: Layal Bshara | AQ44: 43040 | AR44: Ml.2FC.R2(t) | AS44: =NOT(ISERROR(MATCH(A44,'Villages according to موسوعة ال'!C:C,0))) -> TRUE
A45: معليا | B45: Miʿilya | E45: Christian (Catholic) | F45: C | I45: F | J45: Ml.3MC | M45: FALSE | N45: FALSE | P45: FALSE | Q45: FALSE | R45: FALSE | U45: FALSE | W45: FALSE | X45: FALSE | AK45: דקדוק | AN45: Ml.3MC.R1 | AO45: 0.0072106481 | AP45: Neta Politzer | AR45: - | AS45: =NOT(ISERROR(MATCH(A45,'Villages according to موسوعة ال'!C:C,0))) -> TRUE
A46: البقيعة | B46: ilBqēʿa | C46: ilBqēʿa | D46: Bq | E46: Christian (Catholic) | F46: C | G46: ṯʾīl | H46: Hishmi Hajj Makhoul | I46: F | J46: Bq.1FC | K46: הילדות יצאו לגנים ונודע להן שהחל קרב אלצבאח בהר ג'מיג'מה. מטוסים הפציצו את ההר והילדות צפו בזמן שהצבא מוציא הרוג ממכונית. | L46: ق = ʾ (חוץ מ-qāʾid). סיומת נקבה i-. סופית עבר נסתרת it-, למשל ʾižit, ṭilʿit. | M46: FALSE | N46: FALSE | P46: FALSE | Q46: FALSE | R46: FALSE | U46: FALSE | W46: FALSE | X46: FALSE | AK46: הגהה | AL46: עבר הגהה | AM46: ינאי | AN46: Bq.1FC.R1 | AO46: 0.00099537037 | AP46: Rajaa | AQ46: 2017 | AR46: Bq.1FC.R1(t) | AS46: =NOT(ISERROR(MATCH(A46,'Villages according to موسوعة ال'!C:C,0))) -> TRUE
A47: البقيعة | B47: ilBqēʿa | F47: C | G47: ṯʾīl | K47: בנות יצאו לתקוף בתרשיחא בטנקים נלחמו בדרוזים שיצאו חמושים בכלים חקלאיים. שרפו אותן בטנקים. הגיעו מסחמאתא ולעגו להן. הגיעו מטוסים שהחלו להתקיף את העיר והנוצרים נשארו בבתיהם. אישה זקנה אמרה שהעיר תרשיחא צריכה להיכנע. | L47: אמאלה תוכית בהפסק (?) warēʾ. שימוש ב-fī בשביל אינטנסיביות yišaḥišṭu fīhun, ṣāru yišawwhu fīhun. שימוש ב-la המקדימה לשם (סובסטרט ארמי) lāzim insallíma la-Taršīḥa. | M47: FALSE | N47: FALSE | P47: FALSE | Q47: FALSE | R47: FALSE | U47: FALSE | W47: FALSE | X47: FALSE | AK47: הגהה | AL47: עבר הגהה | AM47: תומר | AN47: Bq.1FC.R2 | AO47: 0.0011574074 | AP47: ? | AQ47: 2017 | AR47: Ml.1FC.R1(t) | AS47: =NOT(ISERROR(MATCH(A47,'Villages according to موسوعة ال'!C:C,0))) -> TRUE
A48: البقيعة | B48: ilBqēʿa | E48: Druze (Galilee) | F48: D | G48: ṯqīl | H48: Fawwāz Swēd | I48: M | J48: Bq.2MD | K48: זוכר איך ניסה לייצר פרובוקציה מול קבוצת צעירים מוסלמים ודרוזיים שניסו למנוע מהצעירים הנוצריים להסתובב במכנסיים קצרים. | L48: בין-שיניות. הידמות בין ʿ~ḥ, למשל: arūʿ ʿal bēt. ق = q. חילופי קוד עם MSA. | M48: FALSE | N48: FALSE | O48: -i | P48: FALSE | Q48: FALSE | R48: FALSE | S48: ž | T48: q | U48: TRUE | W48: FALSE | X48: FALSE | Z48: hunni | AA48: -ku/-ko | AB48: -h- > -∅- (e.g. -on) | AD48: bi- | AE48: badd | AK48: הגהה | AL48: אושר (אורי) | AM48: רבחי + עמנואל | AN48: Bq.2MD.R1 | AO48: 0.001875 | AP48: Layal Bshara | AQ48: 43160 | AR48: Bq.2Md.R1(t) | AS48: =NOT(ISERROR(MATCH(A48,'Villages according to موسوعة ال'!C:C,0))) -> TRUE
A49: البقيعة | B49: ilBqēʿa | E49: Christian (Orthodox) | F49: C | G49: ṯʾīl | H49: Samīr Ḥana Ṣabbāġ | I49: M | J49: Bq.3MC | K49: הוא מספר על פצצת מילז ששיחק בה יחד עם קרובי משפחה כאשר היו ילדים קטנים ולא ידעו שזאת פצצה, היא התפוצצה להם, כולם נפגעו והתעוותו, חלק איבד עיניים,חלק ידיים, אצבעות... | L49: ق = ʾ. שימור בין-שיניות. גלש (גלייד) במקום h בכינוי חבור נסתרת לאחר תנועת i, למשל: fīya. | M49: FALSE | N49: FALSE | P49: FALSE | Q49: FALSE | R49: FALSE | U49: FALSE | W49: FALSE | X49: FALSE | AJ49: לפי לוין 2005 אמור להיות tʾīl, בפועל ṯʾīl. ae. שקלוט עד 01:25 | AK49: הגהה | AL49: עבר הגהה | AM49: תומר | AN49: Bq.3MC.R1 | AO49: 0.0019907407 | AP49: Rajaa | AQ49: 43070 | AR49: Bq.3MC.R1(t) | AS49: =NOT(ISERROR(MATCH(A49,'Villages according to موسوعة ال'!C:C,0))) -> TRUE
A50: البقيعة | B50: ilBqēʿa | E50: Druze (Galilee) | F50: D | G50: ṯqīl | H50: Ǧiddi Ǧamīli Xēr | I50: F | J50: Bq.4FD | K50: לתעתיק 03:45-06:53. מספרת על העסק שלה, על ילדותה ועל יכולותיה של אימה בתור מרפאה טבעית. | L50: baddi, keeps interdentals, *q=q~ġ(ġdr), ʿṭy=nṭy, כינוי חבור נקבה ללא h, כינוי חבור רבים on, קידומת מדברים mn, סיומת נקבה i, קידומת לפועל ʿamm, יש מעתק aCC=iCC (isbūʿ, miġrib), עכשיו=issa. שלילה fiyyāš ב-04:07. ž. | M50: FALSE | N50: FALSE | P50: FALSE | Q50: FALSE | R50: FALSE | U50: FALSE | W50: FALSE | X50: FALSE | AK50: תעתיק | AN50: Bq.4FD.R1 | AO50: 0.010324074 | AP50: - | AQ50: - | AR50: - | AS50: =NOT(ISERROR(MATCH(A50,'Villages according to موسوعة ال'!C:C,0))) -> TRUE
A51: كفر سميع | B51: Kufur Smēʿ | C51: Kufur Smēʿ | D51: KS | E51: Christian (Orthodox) | F51: C | G51: ṯʾīl | H51: Farīda Nāṣir | I51: F | J51: KS.1FC | K51: כשהדוברת הכינה ארוחה לאורחים החתול גנב לה את הבשר לשיש-ברק, כך שנאלצה לאלתר ולהשתמש במילוי תפוחי אדמה במקום. | M51: FALSE | N51: FALSE | P51: FALSE | Q51: FALSE | R51: FALSE | U51: FALSE | W51: FALSE | X51: FALSE | AK51: בקרה | AL51: אושר (אורי) | AM51: אורי | AN51: KS.1FC.R1 | AO51: 0.0021875 | AP51: Areen Makhoul | AQ51: 42917 | AR51: KS.1FC.R1(t) | AS51: =NOT(ISERROR(MATCH(A51,'Villages according to موسوعة ال'!C:C,0))) -> TRUE
A52: كفر سميع | B52: Kufur Smēʿ | E52: Druze (Galilee) | F52: D | G52: ṯqīl | H52: Mother Fallāḥ (?) | I52: F | J52: KS.2FD | M52: FALSE | N52: FALSE | P52: FALSE | Q52: FALSE | R52: FALSE | U52: FALSE | W52: FALSE | X52: FALSE | AK52: תעתיק | AN52: KS.2FD.R1 | AO52: 0.001400463 | AS52: =NOT(ISERROR(MATCH(A52,'Villages according to موسوعة ال'!C:C,0))) -> TRUE
A53: كفر سميع | B53: Kufur Smēʿ | E53: Druze (Galilee) | F53: D | G53: ṯqīl | H53: Ġāleb Fallāḥ | I53: M | J53: KS.3MD | M53: FALSE | N53: FALSE | P53: FALSE | Q53: FALSE | R53: FALSE | U53: FALSE | W53: FALSE | X53: FALSE | AJ53: תעתיק מ-1:15 | AK53: תעתיק | AL53: מאושר לתעתיק | AN53: KS.3MD.R1 | AO53: 0.0049074074 | AS53: =NOT(ISERROR(MATCH(A53,'Villages according to موسوعة ال'!C:C,0))) -> TRUE
A54: كسرى | B54: Kisra | C54: Kisra | D54: Ksr | E54: Druze (Galilee) | F54: D | G54: ṯʾīl | I54: F | J54: Ksr.1FD | L54: מימוש ق לרוב כהמזה | M54: FALSE | N54: FALSE | P54: FALSE | Q54: FALSE | R54: FALSE | U54: FALSE | W54: FALSE | X54: FALSE | AJ54: תעתיק אבל לא טקסט וואו | AK54: תעתיק | AN54: Ksr.1FD.R1 | AO54: 0.0016550926 | AS54: =NOT(ISERROR(MATCH(A54,'Villages according to موسوعة ال'!C:C,0))) -> TRUE
A55: كسرى | B55: Kisra | M55: FALSE | N55: FALSE | P55: FALSE | Q55: FALSE | R55: FALSE | U55: FALSE | W55: FALSE | X55: FALSE | AJ55: אומרת שאמה מבקעאתה | AK55: תעתיק | AN55: Ksr.1FD.R2 | AO55: 0.0014583333 | AS55: =NOT(ISERROR(MATCH(A55,'Villages according to موسوعة ال'!C:C,0))) -> TRUE
A56: كسرى | B56: Kisra | M56: FALSE | N56: FALSE | P56: FALSE | Q56: FALSE | R56: FALSE | U56: FALSE | W56: FALSE | X56: FALSE | AK56: תעתיק | AN56: Ksr.1FD.R3 | AO56: 0.001099537 | AS56: =NOT(ISERROR(MATCH(A56,'Villages according to موسوعة ال'!C:C,0))) -> TRUE
A57: كسرى | B57: Kisra | E57: Druze (Galilee) | F57: D | G57: ṯʾīl | I57: F | J57: Ksr.2FD | M57: FALSE | N57: FALSE | P57: FALSE | Q57: FALSE | R57: FALSE | U57: FALSE | W57: FALSE | X57: FALSE | AK57: תעתיק | AN57: Ksr.2FD.R1 | AO57: 0.00099537037 | AS57: =NOT(ISERROR(MATCH(A57,'Villages according to موسوعة ال'!C:C,0))) -> TRUE
A58: كسرى | B58: Kisra | M58: FALSE | N58: FALSE | P58: FALSE | Q58: FALSE | R58: FALSE | U58: FALSE | W58: FALSE | X58: FALSE | AK58: תעתיק | AL58: מאושר לתעתיק | AN58: Ksr.2FD.R2 | AO58: 0.00082175926 | AS58: =NOT(ISERROR(MATCH(A58,'Villages according to موسوعة ال'!C:C,0))) -> TRUE
A59: كسرى | B59: Kisra | E59: Druze (Galilee) | F59: D | G59: ṯʾīl | H59: Saʿd Sabāḥ | I59: M | J59: Ksr.3MD | M59: FALSE | N59: FALSE | P59: FALSE | Q59: FALSE | R59: FALSE | U59: FALSE | W59: FALSE | X59: FALSE | AN59: Ksr.3MD.R1 | AO59: 0.00038194444 | AS59: =NOT(ISERROR(MATCH(A59,'Villages according to موسوعة ال'!C:C,0))) -> TRUE
A60: كسرى | B60: Kisra | M60: FALSE | N60: FALSE | P60: FALSE | Q60: FALSE | R60: FALSE | U60: FALSE | W60: FALSE | X60: FALSE | AK60: תעתיק | AL60: מאושר לתעתיק | AN60: Ksr.3MD.R2 | AO60: 0.00054398148 | AS60: =NOT(ISERROR(MATCH(A60,'Villages according to موسوعة ال'!C:C,0))) -> TRUE
A61: كسرى | B61: Kisra | M61: FALSE | N61: FALSE | P61: FALSE | Q61: FALSE | R61: FALSE | U61: FALSE | W61: FALSE | X61: FALSE | AJ61: זאת ההקלטה המלאה (מכילה את R1 ו-R2) | AK61: תעתיק | AN61: Ksr.3MD.R3 | AO61: 0.0015856481 | AS61: =NOT(ISERROR(MATCH(A61,'Villages according to موسوعة ال'!C:C,0))) -> TRUE
A62: طوبا الزنغرية | B62: Ṭūba-azZanġariyya | C62: Ṭūba-azZanġariyya | D62: ṬZn | E62: Bedouin (Galilee) | F62: B | G62: ṯiǧīl | H62: Ḥāǧe | I62: F | J62: ṬZn.1FB | K62: סיפור על סכסוך שנוצר בינה ובין משפחה אחרת, שנגמר בכך שכמעט הרגו אותה. היא מספרת אותו מצחיק. | L62: general fronting of u to i: killha (00:23), almihimm (00:48), git-lu (01:58); aCC>iCC: alʾiyyām (00:52); med. Imāla: (only slightly) ǧā̈# (01:15), ǧā̈t (02:23); vowel epenthesis *CCC > CvCC: ykutlūni (03:08) | M62: TRUE | N62: FALSE | O62: pausal | P62: TRUE | Q62: FALSE | R62: FALSE | S62: ǧ | T62: g/ǧ/k (conditioned) | U62: FALSE | V62: *CCC > CvCC | W62: FALSE | X62: FALSE | Y62: iḥna | AC62: -hä#/-he# | AD62: yi- | AE62: widd | AF62: issa/hassāʿa | AH62: hīn | AI62: kān / čān | AK62: הגהה | AL62: עבר הגהה | AM62: ינאי | AN62: ṬZn.1FB.R1 | AO62: 0.0026273148 | AP62: Elisheva Rubin, Meital Lokof | AQ62: 12.4.2012 | AR62: ṬZn.1FB.R1(t) | AS62: =NOT(ISERROR(MATCH(A62,'Villages according to موسوعة ال'!C:C,0))) -> TRUE
A63: طوبا الزنغرية | B63: Ṭūba-azZanġariyya | F63: B | K63: אביה מת, היא נשרפה בשריפה. | L63: ani, אין פ"א רגיל אלא מיושב: axaḏ. | M63: FALSE | N63: FALSE | P63: FALSE | Q63: FALSE | R63: FALSE | U63: FALSE | W63: FALSE | X63: FALSE | AK63: דקדוק | AN63: ṬZn.1FB.R2 | AO63: 0.00061342593 | AP63: Elisheva Rubin, Meital Lokof | AQ63: 12.4.2012 | AR63: ṬZn.1FB.R1-R6(t) | AS63: =NOT(ISERROR(MATCH(A63,'Villages according to موسوعة ال'!C:C,0))) -> TRUE
A64: طوبا الزنغرية | B64: Ṭūba-azZanġariyya | F64: B | K64: המשך הסיפור כיצד אמה התחתנה וכיצד זה השפיע על המשפחה. | L64: LVR ב: tiǧawwazat. סופית 2FSG imp ארוכה: tifhamīn. מימוש a > ä בהפסק: abūyä. | M64: FALSE | N64: FALSE | P64: FALSE | Q64: FALSE | R64: FALSE | U64: FALSE | W64: FALSE | X64: FALSE | AK64: תעתיק | AN64: ṬZn.1FB.R3 | AO64: 0.0013310185 | AP64: Elisheva Rubin, Meital Lokof | AQ64: 12.4.2012 | AS64: =NOT(ISERROR(MATCH(A64,'Villages according to موسوعة ال'!C:C,0))) -> TRUE
A65: طوبا الزنغرية | B65: Ṭūba-azZanġariyya | F65: B | K65: המשך הסיפור. חאג'ה מספרת כיצד נאלצה לגור אצל אחיה ועל חיה הקשים. היא נאלצה להתחתן בגיל 14. | L65: מילות יחס מוטות עם תנועה ארוכה: kullēna. | M65: FALSE | N65: FALSE | P65: FALSE | Q65: FALSE | R65: FALSE | U65: FALSE | W65: FALSE | X65: FALSE | AK65: תעתיק | AN65: ṬZn.1FB.R4 | AO65: 0.00084490741 | AP65: Elisheva Rubin, Meital Lokof | AQ65: 12.4.2012 | AS65: =NOT(ISERROR(MATCH(A65,'Villages according to موسوعة ال'!C:C,0))) -> TRUE
A66: طوبا الزنغرية | B66: Ṭūba-azZanġariyya | F66: B | K66: חאג'ה מספרת כיצד התחתנה, נולדו לה ילדיה וכיצד חיתנה גם אותם ואת בנותיו של בעלה השני. | M66: FALSE | N66: FALSE | P66: FALSE | Q66: FALSE | R66: FALSE | U66: FALSE | W66: FALSE | X66: FALSE | AK66: תעתיק | AN66: ṬZn.1FB.R5 | AO66: 0.00092592593 | AP66: Elisheva Rubin, Meital Lokof | AQ66: 12.4.2012 | AS66: =NOT(ISERROR(MATCH(A66,'Villages according to موسوعة ال'!C:C,0))) -> TRUE
A67: طوبا الزنغرية | B67: Ṭūba-azZanġariyya | F67: B | K67: חאג'ה מספרת על פציעתו של בנה בלבנון. כשבאו לספר לה היא חשבה שזה מס הכנסה. | L67: סוג של אמאלה תוכית (??): ā > ē جا = ǧē. תופעת ghawa syndrome: אדום = ḥamar. | M67: FALSE | N67: FALSE | P67: FALSE | Q67: FALSE | R67: FALSE | U67: FALSE | W67: FALSE | X67: FALSE | AK67: תעתיק | AL67: מאושר לתעתיק | AM67: נור + עהוד | AN67: ṬZn.1FB.R6 | AO67: 0.0043634259 | AP67: Elisheva Rubin, Meital Lokof | AQ67: 12.4.2012 | AS67: =NOT(ISERROR(MATCH(A67,'Villages according to موسوعة ال'!C:C,0))) -> TRUE
A68: الرامة | B68: irRāmi | C68: irRāmi | D68: Rm | E68: Christian (Orthodox) | F68: C | G68: tʾīl | H68: Nadira Irshid | I68: F | J68: Rm.4FC | K68: מחאה על התנהגות הדור הצעיר, אין חינוך, אין כבוד. הצעירות יוצאות, מתחתנות ומתגרשות. | L68: 3.f.sg pron. ها-: for 3.f.pl pron.: wlādin (00:16), žizānhin (00:18), yrabbūhin (00:21), tlaʾīhin (01:23), ʾahlin (01:28); pausal -i > -e#: duġreː# (00:35); lowering of -uC > -oC / -iC > -eC: (not salient) haʾūl-lek, ʾabel (00:00), mitel (00:13); | M68: FALSE | N68: FALSE | O68: -i | P68: FALSE | Q68: FALSE | R68: TRUE | S68: ž | T68: ʾ | U68: FALSE | W68: FALSE | X68: TRUE | Y68: iḥna | AC68: -a; -ha only after -ū- / -i- | AD68: bi- | AE68: bidd | AF68: issa/hassāʿa | AI68: kān / čān | AK68: הגהה | AL68: עבר הגהה | AM68: ינאי | AN68: Rm.4FC.R1 | AO68: 0.0013773148 | AP68: Merna Oudeh | AQ68: 42917 | AR68: Rm.4FC.R1(t) | AS68: =NOT(ISERROR(MATCH(A68,'Villages according to موسوعة ال'!C:C,0))) -> TRUE
A69: الرامة | B69: irRāmi | C69: irRāmi | E69: Druze | F69: D | G69: ṯqīl | H69: Bilāl Asʿad | I69: M | J69: Rm.5MD | M69: FALSE | N69: FALSE | O69: -i | P69: FALSE | Q69: FALSE | R69: TRUE | S69: ž | T69: ʾ | U69: FALSE | W69: FALSE | X69: TRUE | Y69: iḥna | AC69: -a; -ha only after -ū- / -i- | AD69: bi- | AE69: bidd | AF69: issa/hassāʿa | AI69: kān / čān | AJ69: תעתיק 02:54-04:10 | AK69: תעתיק | AN69: Rm.5MD.R1 | AO69: 0.003912037 | AP69: Gitit, Shirel | AS69: =NOT(ISERROR(MATCH(A69,'Villages according to موسوعة ال'!C:C,0))) -> TRUE
A70: الرامة | B70: irRāmi | C70: irRāmi | E70: Druze | F70: D | G70: ṯqīl | H70: Bilāl Asʿad | I70: M | J70: Rm.5MD | M70: FALSE | N70: FALSE | O70: -i | P70: FALSE | Q70: FALSE | R70: TRUE | S70: ž | T70: ʾ | U70: FALSE | W70: FALSE | X70: TRUE | Y70: iḥna | AC70: -a; -ha only after -ū- / -i- | AD70: bi- | AE70: bidd | AF70: issa/hassāʿa | AI70: kān / čān | AJ70: תעתיק 04:20-05:35 | AK70: תעתיק | AN70: Rm.5MD.R1 | AO70: 0.003912037 | AP70: Gitit, Shirel | AS70: =NOT(ISERROR(MATCH(A70,'Villages according to موسوعة ال'!C:C,0))) -> TRUE
A71: دير الأسد | B71: Dēr ilAsad | C71: Dēr ilAsad | D71: DA | G71: ṯʾīl | H71: - | I71: F | J71: DA.1F | K71: לטקסט 16:30-19:20. על שני האוליאא של הכפר - אלח׳צ׳ר וג׳ידנא אלאסד והקשר שלהם לשם הכפר ולמנהגים היום. | L71: ž, 1pl. = mb, *q=ʾ, בין שיניות, סיומת נקבה גבוהה | M71: FALSE | N71: FALSE | P71: FALSE | Q71: FALSE | R71: FALSE | U71: FALSE | W71: FALSE | X71: FALSE | AK71: תעתיק | AN71: DA.1F.R1 | AO71: 0.017962963 | AP71: - | AQ71: - | AR71: - | AS71: =NOT(ISERROR(MATCH(A71,'Villages according to موسوعة ال'!C:C,0))) -> TRUE
A72: يركا | B72: Yirka | C72: Yirka | D72: Yr | E72: Druze (Galilee) | F72: D | G72: ṯʾīl | H72: Kristīn Ṣāliḥ | I72: F | J72: Yr.1FD | K72: מספרת על עסק הדגמים שברשותה | L72: בין שיניות, q=ʾ, דיפתונג ay בהפסק, כינוי חבור נסתרים on | M72: FALSE | N72: FALSE | P72: FALSE | Q72: FALSE | R72: FALSE | U72: FALSE | W72: FALSE | X72: FALSE | AK72: הגהה | AL72: עבר הגהה | AM72: ניצן + תסנים | AN72: Yr.1FD.R1 | AO72: 0.0017361111 | AP72: - | AQ72: אפריל 2023 | AR72: Yr.1FD.R1(t) | AS72: =NOT(ISERROR(MATCH(A72,'Villages according to موسوعة ال'!C:C,0))) -> TRUE
A73: يركا | B73: Yirka | C73: Yirka | D73: Yr | E73: Druze (Galilee) | F73: D | G73: ṯʾīl | H73: Anwar Mūla | I73: M | J73: Yr.2MD | M73: FALSE | N73: FALSE | P73: FALSE | Q73: FALSE | R73: FALSE | U73: FALSE | W73: FALSE | X73: FALSE | AK73: הגהה | AL73: עבר הגהה | AM73: בן | AN73: Yr.2MD.R1 | AO73: 0.0015046296 | AP73: Shelly, Naomi | AQ73: 2013 | AR73: Yr.2MD.R1(t) | AS73: =NOT(ISERROR(MATCH(A73,'Villages according to موسوعة ال'!C:C,0))) -> TRUE
A74: يركا | B74: Yirka | C74: Yirka | D74: Yr | E74: Druze (Galilee) | F74: D | G74: ṯʾīl | H74: Slimān | I74: M | J74: Yr.3MD | M74: FALSE | N74: FALSE | P74: FALSE | Q74: FALSE | R74: FALSE | U74: FALSE | W74: FALSE | X74: FALSE | AJ74: רשימת תופעות | AN74: Yr.3MD.R1 | AO74: 0.061574074 | AP74: Yaki, Moshe | AS74: =NOT(ISERROR(MATCH(A74,'Villages according to موسوعة ال'!C:C,0))) -> TRUE
A75: يركا | B75: Yirka | C75: Yirka | D75: Yr | E75: Druze (Galilee) | F75: D | G75: ṯʾīl | H75: Slimān | I75: M | J75: Yr.3MD | M75: FALSE | N75: FALSE | P75: FALSE | Q75: FALSE | R75: FALSE | U75: FALSE | W75: FALSE | X75: FALSE | AJ75: תעתיק 00:55-03:44. תרגום של הקטע+מידע על הדובר | AK75: תעתיק | AL75: מאושר לתעתיק | AN75: Yr.3MD.R2 | AO75: 0.003125 | AP75: Yaki, Moshe | AS75: =NOT(ISERROR(MATCH(A75,'Villages according to موسوعة ال'!C:C,0))) -> TRUE
A76: أبو سنان | B76: Abu Snān | C76: Abu Snān | D76: ASn | E76: Christian (Orthodox) | F76: C | G76: tʾīl | H76: Ǧamīl Ṭannūs | I76: M | J76: ASn.1MC | K76: סיפור על תקרית בעבודה, שבה נשרפו שתי ידיים של האינפורמנט. | L76: אין בין-שיניות, מימוש ق>ʾ, סיומת נקבה i-, "היה לך" kuntak (סגנוני), רכיב מודאלי (?) ya "בשביל" (?), סיומת פועל un-, למשל ṭābun. הנמכת ססב"מ עדינה יחסית (šuġol). | M76: FALSE | N76: FALSE | O76: -i | P76: TRUE | Q76: FALSE | R76: FALSE | S76: ž | T76: ʾ | U76: FALSE | W76: FALSE | X76: FALSE | Z76: hinne/hinne | AB76: -h- > -∅- (e.g. -on) | AC76: -ha | AD76: bi- | AF76: issa/hassāʿa | AI76: kān / čān | AK76: הגהה | AL76: בטיפול | AM76: נור + עהוד | AN76: ASn.1MC.R1 | AO76: 0.0013078704 | AR76: ASn.1MC.R1(t) | AS76: =NOT(ISERROR(MATCH(A76,'Villages according to موسوعة ال'!C:C,0))) -> TRUE
A77: أبو سنان | B77: Abu Snān | E77: Christian (Orthodox) | F77: C | G77: tʾīl | H77: Salwa Ṭannūs | I77: F | J77: ASn.2FC | K77: ילדותה של הדוברת. הם במקור מבירווה. העבודה של אביה, כאופה בחיפה ואז כצבעי ולבסוף כפעיל במפלגה הקומוניסטית. היה עורך פגישות בביתם. היו עניים. | L77: "חדר" ʾōḍa, "מאיתנו" minnēna, אין בין-שיניות, מימוש ق>ʾ, סיומת נקבה i-, הנמכת ססב"מ עדינה יחסית (fuʾor), "נותן" yinṭ (?) | M77: FALSE | N77: FALSE | P77: FALSE | Q77: FALSE | R77: FALSE | U77: FALSE | W77: FALSE | X77: FALSE | AJ77: הדוברת מציינת שהמשפחה במקור מ-Birwi | AK77: הגהה | AL77: עבר הגהה | AM77: ינאי | AN77: ASn.2FC.R1 | AO77: 0.0024652778 | AP77: Haneen Tannous | AQ77: 42887 | AR77: ASn.2FC.R1(t) | AS77: =NOT(ISERROR(MATCH(A77,'Villages according to موسوعة ال'!C:C,0))) -> TRUE
A78: أبو سنان | B78: Abu Snān | E78: Druze (Galilee) | F78: D | H78: Najib Saab | I78: M | J78: ASn.3MD | K78: לאחר שעבד שנים בחינוך פתח מרכז אזורי לשפות. ق = q. | L78: שימור בין-שיניות. yiġdar. סיומת נקבה i-. | M78: FALSE | N78: FALSE | P78: FALSE | Q78: FALSE | R78: FALSE | U78: FALSE | W78: FALSE | X78: FALSE | AK78: דקדוק | AN78: ASn.3MD.R1 | AO78: 0.0013773148 | AR78: - | AS78: =NOT(ISERROR(MATCH(A78,'Villages according to موسوعة ال'!C:C,0))) -> TRUE
A79: أبو سنان | B79: Abu Snān | E79: Muslim | F79: M | H79: Amira Briq | I79: F | J79: ASn.4F | K79: הגירוש מכויכאת. | L79: אין בין-שיניות: axadu, batzakkar. צורת הפסק išey. ق = q. כינוי חבור 2FSG בלי h, למשל asāsa. "אצלנו" ʿinna. ج = ž. | M79: FALSE | N79: FALSE | P79: FALSE | Q79: FALSE | R79: FALSE | U79: FALSE | W79: FALSE | X79: FALSE | AK79: דקדוק | AN79: ASn.4F.R1 | AO79: 0.0017592593 | AR79: - | AS79: =NOT(ISERROR(MATCH(A79,'Villages according to موسوعة ال'!C:C,0))) -> TRUE
A80: كفر ياسيف | B80: Kufur Yāsīf | C80: Kufur Yāsīf | D80: KY | E80: Christian (Orthodox) | F80: C | G80: tʾīl | H80: Sāra Saʿid-Šḥādi | I80: F | J80: KY.1FC | K80: כשלימדה בסכנין היה בכיתה תלמיד שעבר איזו תאונה והיה מלא בכוויות/היה חסר לו איבר גוף. | L80: aCC >iCC, yiġdar, maʿā | M80: TRUE | N80: FALSE | O80: -i | P80: FALSE | Q80: FALSE | R80: FALSE | S80: ž | T80: ʾ | U80: FALSE | V80: *CCC > CvCC | W80: FALSE | X80: FALSE | Y80: iḥna | Z80: hinne/hinne | AB80: -h- > -∅- (e.g. -on) | AC80: -a | AD80: bi- | AE80: badd | AF80: issa/hassāʿa | AI80: kān / čān | AK80: הגהה | AL80: אושר (אורי) | AM80: נור + עהוד | AN80: KY.1FC.R1 | AO80: 0.0011111111 | AP80: Layal Bshara | AQ80: 43160 | AR80: KY.1FC.R1(t) | AS80: =NOT(ISERROR(MATCH(A80,'Villages according to موسوعة ال'!C:C,0))) -> TRUE
A81: كفر ياسيف | B81: Kufur Yāsīf | F81: C | G81: tʾīl | K81: המורה לקחה לתלמיד את הקלמר שלו עד סוף השיעור כי הוא הפריע, ואז אבא שלו הגיע וצעק עליה. | L81: אמאלה תוכית kēn. הפכפכות ב-aCC >iCC יש צורות: ilmaʾlami, fatra. צורת הפסק #ṭawiltey. | M81: FALSE | N81: FALSE | P81: FALSE | Q81: FALSE | R81: FALSE | U81: FALSE | W81: FALSE | X81: FALSE | AK81: בקרה | AL81: בטיפול | AM81: נור + עהוד | AN81: KY.1FC.R2 | AO81: 0.00071759259 | AP81: Layal Bshara | AQ81: 43160 | AR81: KY.1FC.R2(t) | AS81: =NOT(ISERROR(MATCH(A81,'Villages according to موسوعة ال'!C:C,0))) -> TRUE
A82: كفر ياسيف | B82: Kufur Yāsīf | E82: Christian (Orthodox) | F82: C | G82: tʾīl | H82: ʾIhāb Maxῡli | I82: M | J82: KY.2MC | K82: מקרה של סרטן שפגע באישה מהקהילה שנרפאה אחרי התפילה שבוצעה למענה. | M82: FALSE | N82: FALSE | P82: FALSE | Q82: FALSE | R82: FALSE | U82: FALSE | W82: FALSE | X82: FALSE | AK82: הגהה | AN82: KY.2MC.R1 | AO82: 0.0023842593 | AP82: Layal Bshara | AQ82: 43161 | AR82: KY.2MC.R1(t) | AS82: =NOT(ISERROR(MATCH(A82,'Villages according to موسوعة ال'!C:C,0))) -> TRUE
A83: كفر ياسيف | B83: Kufur Yāsīf | E83: ? | F83: ? | H83: - | I83: F | J83: KY.3F | M83: FALSE | N83: FALSE | P83: FALSE | Q83: FALSE | R83: FALSE | U83: FALSE | W83: FALSE | X83: FALSE | AK83: דקדוק | AN83: KY.3F.R1 | AO83: 8.1018519e-05 | AP83: - | AQ83: - | AR83: - | AS83: =NOT(ISERROR(MATCH(A83,'Villages according to موسوعة ال'!C:C,0))) -> TRUE
A84: عكا | B84: ʿAkka | C84: ʿAkka | D84: Ak | H84: Rāzi Slimān | I84: M | J84: Ak.1M | K84: מדבר קצת על ערב איידול, מעיד על עצמו שמדבר בוסטא ושהלהג שלו לא מייצג את עכו.. | L84: קצת אמאלה פנימית. בין-שיניות, ʿamm+verb, yiġennu, *q=ʾ, buxulṭu | M84: FALSE | N84: FALSE | P84: FALSE | Q84: FALSE | R84: FALSE | U84: FALSE | W84: FALSE | X84: FALSE | AK84: זבל | AN84: Ak.1M.R1 | AO84: 0.0017361111 | AR84: - | AS84: =NOT(ISERROR(MATCH(A84,'Villages according to موسوعة ال'!C:C,0))) -> TRUE
A85: مغار | B85: Mġār | C85: Mġār | D85: Mġ | E85: Christian (Catholic) | F85: C | H85: Bšāra Bšāra | I85: M | J85: Mġ.1MC | K85: עבד בהתקנת אנטנות טלוויזיה. בהמשך פתחו חנות למכירת טלוויזיות ומוצרי חשמל. בהמשך סגרו את החנות והוא עבד במשחטה בנצרת. בסוף הוא פתח משחטה בעצמו בכפר. | L85: aCC > iCC ב-ibyaḏ̣ w-iswad. תנועת תחילית עתיד a, למשל naštġil. | M85: FALSE | N85: FALSE | P85: FALSE | Q85: FALSE | R85: FALSE | U85: FALSE | W85: FALSE | X85: FALSE | AK85: דקדוק | AN85: Mġ.1MC.R1 | AO85: 0.0019907407 | AP85: - | AQ85: - | AR85: - | AS85: =NOT(ISERROR(MATCH(A85,'Villages according to موسوعة ال'!C:C,0))) -> TRUE
A86: مغار | B86: Mġār | E86: Christian (Catholic) | F86: C | H86: Šafīʾ Žahšān | I86: M | J86: Mġ.2MC | K86: מספר על תקופת מלחמת 1948, על הקשיים והמחסור באוכל. | L86: (איכות ההקלטה לא טובה מאוד). #ʿammey, ق=ʾ אבל יש גם taqrīban, ج=ž, יש בין-שיניות. | M86: FALSE | N86: FALSE | P86: FALSE | Q86: FALSE | R86: FALSE | U86: FALSE | W86: FALSE | X86: FALSE | AK86: דקדוק | AN86: Mġ.2MC.R1 | AO86: 0.0021180556 | AP86: - | AQ86: - | AR86: - | AS86: =NOT(ISERROR(MATCH(A86,'Villages according to موسوعة ال'!C:C,0))) -> TRUE
A87: مغار | B87: Mġār | E87: Christian (Catholic) | F87: C | H87: Wažīha Daῡd | I87: F | J87: Mġ.3FC | K87: זמנים עברו, איך היו החיים פעם פשוטים יותר. | L87: nōkol, ق=ʾ, תנועת עתיד ב-taxbiz. | M87: FALSE | N87: FALSE | P87: FALSE | Q87: FALSE | R87: FALSE | U87: FALSE | W87: FALSE | X87: FALSE | AK87: דקדוק | AN87: Mġ.3FC.R1 | AO87: 0.0016782407 | AP87: - | AQ87: - | AR87: - | AS87: =NOT(ISERROR(MATCH(A87,'Villages according to موسوعة ال'!C:C,0))) -> TRUE
A88: مغار | B88: Mġār | E88: Druze (Galilee) | F88: D | H88: Hdiyyi ʿAsāqli | I88: F | J88: Mġ.4FD | K88: מנהגי החתונה. | M88: FALSE | N88: FALSE | P88: FALSE | Q88: FALSE | R88: FALSE | U88: FALSE | W88: FALSE | X88: FALSE | AK88: דקדוק | AN88: Mġ.4FD.R1 | AO88: 0.001400463 | AP88: - | AQ88: - | AR88: - | AS88: =NOT(ISERROR(MATCH(A88,'Villages according to موسوعة ال'!C:C,0))) -> TRUE
A89: مغار | B89: Mġār | E89: Druze (Galilee) | F89: D | H89: Slimān Žābir | I89: M | J89: Mġ.5MD | K89: מורים ותלמידים, ההבדל בין פעם מול היום. | L89: ق=q, ج=ž. אמאלה תוכית. | M89: FALSE | N89: FALSE | P89: FALSE | Q89: FALSE | R89: FALSE | U89: FALSE | W89: FALSE | X89: FALSE | AK89: דקדוק | AN89: Mġ.5MD.R1 | AO89: 0.0011921296 | AP89: - | AQ89: - | AR89: - | AS89: =NOT(ISERROR(MATCH(A89,'Villages according to موسوعة ال'!C:C,0))) -> TRUE
A90: مغار | B90: Mġār | E90: Druze (Galilee) | F90: D | H90: ʿAlya Abu Ğanab | I90: F | J90: Mġ.6FD | K90: איך העולם השתנה. היום לנשים יש יותר חופש. | L90: aCC>iCC. ق=q, ج=ž. | M90: FALSE | N90: FALSE | P90: FALSE | Q90: FALSE | R90: FALSE | U90: FALSE | W90: FALSE | X90: FALSE | AK90: דקדוק | AN90: Mġ.6FD.R1 | AO90: 0.0021296296 | AP90: - | AQ90: - | AR90: - | AS90: =NOT(ISERROR(MATCH(A90,'Villages according to موسوعة ال'!C:C,0))) -> TRUE
A91: مغار | B91: Mġār | E91: Muslim | F91: M | H91: Nihāy Abu ʿlῡl | I91: F | J91: Mġ.7F | K91: למדה בנצרת וזה פתח לה את הראש. | L91: tiġdari(/e). ج=ž. ق=ʾ. יש בין-שיניות. | M91: FALSE | N91: FALSE | P91: FALSE | Q91: FALSE | R91: FALSE | U91: FALSE | W91: FALSE | X91: FALSE | AK91: דקדוק | AN91: Mġ.7F.R1 | AO91: 0.0031597222 | AR91: - | AS91: =NOT(ISERROR(MATCH(A91,'Villages according to موسوعة ال'!C:C,0))) -> TRUE
A92: مغار | B92: Mġār | E92: Muslim | F92: M | G92: ṯqīl | H92: Ṣāliḥ Abu Nimir | I92: M | J92: Mġ.8M | K92: למד בחו"ל עם מלגה מהמפלגה הקומוניסטית הישראלית. היה חוזר הביתה כל שנה בקיץ, לא כמו היום שסטודנטים חוזרים הרבה. | L92: aCC>iCC: ḥitta (00:08) but ḥatta (01:42); (Aram. sub.): lamman (00:00); | M92: TRUE | N92: FALSE | O92: -i | P92: FALSE | Q92: TRUE | R92: FALSE | S92: ž | T92: q | U92: FALSE | W92: FALSE | X92: FALSE | AD92: bi- | AE92: badd | AG92: wēnta | AH92: hōn | AI92: kān / čān | AK92: הגהה | AL92: עבר הגהה | AM92: ינאי | AN92: Mġ.8M.R1 | AO92: 0.0013425926 | AP92: Rajaa | AQ92: 2017 | AR92: Mġ.8M.R1(t) | AS92: =NOT(ISERROR(MATCH(A92,'Villages according to موسوعة ال'!C:C,0))) -> TRUE
A93: مغار | B93: Mġār | E93: Muslim | F93: M | G93: ṯqīl | H93: ʿAli lḤusni | I93: M | J93: Mġ.9M | K93: (להבנתי) הוא היה נפגש עם חברים במה שמכונה xamiri. הוא עבד בקטיף אצל מכרים יהודים וקנה לטובת זה טנדר. כשסיים לעבוד במקורות ישב בבית שנה ואז קנה טנדר ובנה את כל המושבים ברמה. | L93: סיומת נקבה i-. ق=q. פ"א āxuḏ. יש aCC>iCC. | M93: FALSE | N93: FALSE | P93: FALSE | Q93: FALSE | R93: FALSE | U93: FALSE | W93: FALSE | X93: FALSE | AK93: הגהה | AN93: Mġ.9M.R1 | AO93: 0.0014583333 | AP93: Rajaa | AQ93: 2017 | AR93: Mġ.9M.R1(t) | AS93: =NOT(ISERROR(MATCH(A93,'Villages according to موسوعة ال'!C:C,0))) -> TRUE
A94: مغار | B94: Mġār | E94: Druze (Galilee) | F94: D | G94: ṯqīl | H94: Ward Sayyid Aḥmad | I94: M | J94: Mġ.10MD | M94: FALSE | N94: FALSE | O94: -i | P94: TRUE | Q94: FALSE | R94: TRUE | S94: ž | T94: q | U94: FALSE | W94: FALSE | X94: TRUE | AE94: badd | AF94: issa/hassāʿa | AI94: kān / čān | AK94: הגהה | AL94: עבר הגהה | AM94: ינאי | AN94: Mġ.10MD.R1 | AO94: 0.0019675926 | AP94: Noam Yossi | AQ94: - | AR94: Mġ.10MD.R1(t) | AS94: =NOT(ISERROR(MATCH(A94,'Villages according to موسوعة ال'!C:C,0))) -> TRUE
A95: مغار | B95: Mġār | F95: D | M95: FALSE | N95: FALSE | P95: FALSE | Q95: FALSE | R95: FALSE | U95: FALSE | W95: FALSE | X95: FALSE | AK95: תעתיק | AN95: Mġ.10MD.R2 | AO95: 0.0012268519 | AP95: Noam | AQ95: - | AR95: - | AS95: =NOT(ISERROR(MATCH(A95,'Villages according to موسوعة ال'!C:C,0))) -> TRUE
A96: عيلبون | B96: ʿĒlabūn | C96: ʿĒlabūn | D96: El | E96: Bedouin (Galilee) | F96: B | H96: ? | I96: M | J96: El.1MB | K96: הקלטה מאוד ארוכה באיכות לא מאוד טובה והמקליט מדבר הרבה. מספר על החיים פעם כבדואים. **לא מפורט מאיזה שבט הדובר - יש בעילבון שניים**. מדבר על גידול בקר, לגברים אסור לחלוב. | L96: תופעות: LVR, *q>g. יש בין-שיניות. "ערבית לבנה" מאוד, יש הרבה מאוד מאפיינים מיושבים כמו היעדר אפריקציה (המקליט מאוד פעיל). צורות בדואיות: šiftu. הידמות מלאה של גרוניות : arūʿ ʿa-lbēt. שמעתי עד 22:30 וההקלטה לא שווה הרבה. | M96: FALSE | N96: FALSE | P96: FALSE | Q96: FALSE | R96: FALSE | U96: FALSE | W96: FALSE | X96: FALSE | AK96: דקדוק | AN96: El.1MB.R1 | AO96: 0.03744213 | AP96: Netanel | AQ96: - | AR96: - | AS96: =NOT(ISERROR(MATCH(A96,'Villages according to موسوعة ال'!C:C,0))) -> TRUE
A97: عيلبون | B97: ʿĒlabūn | F97: B | K97: קטע מתוך ההקלטה הקודמת. | M97: FALSE | N97: FALSE | P97: FALSE | Q97: FALSE | R97: FALSE | U97: FALSE | W97: FALSE | X97: FALSE | AK97: דקדוק | AN97: El.1MB.R3 | AO97: 0.0006712963 | AP97: Netanel | AQ97: - | AR97: - | AS97: =NOT(ISERROR(MATCH(A97,'Villages according to موسوعة ال'!C:C,0))) -> TRUE
A98: عيلبون | B98: ʿĒlabūn | F98: B | K98: מתוך ההקלטה הקודמת. מלמד את המקליט איך להכין קפה. | L98: ghawa, zēn, xašūga, la-hīn, ani. | M98: FALSE | N98: FALSE | P98: FALSE | Q98: FALSE | R98: FALSE | U98: FALSE | W98: FALSE | X98: FALSE | AK98: דקדוק | AN98: El.1MB.R3 | AO98: 0.00064814815 | AP98: Netanel | AQ98: - | AR98: - | AS98: =NOT(ISERROR(MATCH(A98,'Villages according to موسوعة ال'!C:C,0))) -> TRUE
A99: عيلبون | B99: ʿĒlabūn | F99: B | K99: שאלון | L99: פועל עתיד נוכחת: tḥibbīn (הסוג הארוך). aCC>iCC ב-midrasa. אפריקציה של g>ǧ ב: baǧ-ǧarya (بالقرية). "יש": bī, "אין": mā bū. | M99: FALSE | N99: FALSE | P99: FALSE | Q99: FALSE | R99: FALSE | U99: FALSE | W99: FALSE | X99: FALSE | AK99: דקדוק | AN99: El.1MB.R4 | AO99: 0.0021064815 | AP99: Netanel | AQ99: - | AR99: - | AS99: =NOT(ISERROR(MATCH(A99,'Villages according to موسوعة ال'!C:C,0))) -> TRUE
A100: عيلبون | B100: ʿĒlabūn | E100: Bedouin (Galilee) | F100: B | G100: ṯiǧīl | H100: Ṣālḥa Mawāsi | I100: F | J100: El.2FB | K100: הדוברת משתייכת לשבט ʿArab alLhēb. מספרת שחותנה בגיל 14. מספרת על סיפור חייה, לידות ילדיה. איך החיים היו פעמים: בישולים, השגת מים... אביה מת בשירות צבאי בלנון. היו לו שתי נשים ו-21 ילדים. בהקלטה נשמעים גם שתי ילדות (נראה לי) לא בדואיות ששואלות אותה שאלות חמודות. שמעתי עד סביב 00:39:30 ואין נרטיב טוב | L100: הדוברת מדברת בדיאלקט בדואי יחסית מאוד "נקי" ממאפיינים מיושבים. סיומת עבר נסתרים am-, למשל čānam. פיצול צרור לאחר שפתיים: gabul. מעתק aCC>iCC ב-mixtār. אפריקציה מותנית čint, čān, aḷḷa yiwaffiǧham. מספר 14 = arbaʿtaʿšar. סיומת a>ä, למשל nǧībhä min Dēr Ḥannä. צורת zġayyir למשקל faʿīl. תופעת LVR ב-šiǧar, tiǧawwazt. | M100: FALSE | N100: FALSE | P100: FALSE | Q100: FALSE | R100: FALSE | U100: FALSE | W100: FALSE | X100: FALSE | AK100: דקדוק | AN100: El.2FB.R1 | AO100: 0.04181713 | AP100: Xaya Simkin | AQ100: - | AR100: - | AS100: =NOT(ISERROR(MATCH(A100,'Villages according to موسوعة ال'!C:C,0))) -> TRUE
...

Sheet Texts
A3: U-Center | C3: Xl.3M.R1 | D3: kalb min liklāb ilmuʾrifīn | E3: unsplitt -CC ; stable CaCaCa in V1, V7 | F3: {=INDEX(Recordings!AK:AK, MATCH(C3, Recordings!AN:AN, 0))} -> הגהה | G3: אושר (אורי) | H3: לתעתק גם סיפור החתול דקה 08׳00
C4: Xl.4F.R1 | D4: ḥāmel ib-ʾabūki | E4: medial imāla | F4: תעתיק | G4: מאושר לתעתיק
C5: Rml.7FC.R1 | D5: sinʿa w-ʿam bibīʿu fī-ha | F5: {=INDEX(Recordings!AK:AK, MATCH(C5, Recordings!AN:AN, 0))} -> הגהה | G5: {=INDEX(Recordings!AL:AL, MATCH(C5, Recordings!AN:AN, 0))} -> עבר הגהה
C6: Ld.1FC.R1 | D6: xsāra hadōl mā yitʿallamū-šši, minʿallim-hon ʿa-ḥsāb-na | F6: {=INDEX(Recordings!AK:AK, MATCH(C6, Recordings!AN:AN, 0))} -> הגהה | G6: {=INDEX(Recordings!AL:AL, MATCH(C6, Recordings!AN:AN, 0))} -> עבר הגהה
C7: Jr.1MA.R1 | D7: kānu yžīn-o arman yaḥku turki | F7: {=INDEX(Recordings!AK:AK, MATCH(C7, Recordings!AN:AN, 0))} -> הגהה | G7: {=INDEX(Recordings!AL:AL, MATCH(C7, Recordings!AN:AN, 0))} -> אושר (אורי) | H7: אלא אם יימצא טקסט ארמני מתאים יותר
A9: U-North | C9: Nb.1M.R1 | D9: aʿžabatni bi-ššāreʿ w-šufthe | F9: {=INDEX(Recordings!AK:AK, MATCH(C9, Recordings!AN:AN, 0))} -> בקרה | G9: {=INDEX(Recordings!AL:AL, MATCH(C9, Recordings!AN:AN, 0))} -> בטיפול
B10: Nāblus | C10: Nb.3M.R1 | D10: ilʾaqzām ʿammālhon bištiġlu | F10: {=INDEX(Recordings!AK:AK, MATCH(C10, Recordings!AN:AN, 0))} -> בקרה | G10: {=INDEX(Recordings!AL:AL, MATCH(C10, Recordings!AN:AN, 0))} -> אושר (אורי)
C11: Ḥf.1FC.R1 | D11: w-yidillna iṭṭuruʾāt bi-lwaʿir ta-nūṣal | F11: {=INDEX(Recordings!AK:AK, MATCH(C11, Recordings!AN:AN, 0))} -> הגהה | G11: {=INDEX(Recordings!AL:AL, MATCH(C11, Recordings!AN:AN, 0))} -> עבר הגהה
C12: Ḥf.4MC.R1 | D12: axadu lkaleb w-saraʾū | F12: {=INDEX(Recordings!AK:AK, MATCH(C12, Recordings!AN:AN, 0))} -> הגהה | G12: {=INDEX(Recordings!AL:AL, MATCH(C12, Recordings!AN:AN, 0))} -> עבר הגהה
A14: R-North
C15: KM.1M.R1 | D15: rakkab-u ʿala ḏ̣ahr-u | E15: ṯqīl baqa | F15: {=INDEX(Recordings!AK:AK, MATCH(C15, Recordings!AN:AN, 0))} -> הגהה | G15: {=INDEX(Recordings!AL:AL, MATCH(C15, Recordings!AN:AN, 0))} -> אושר (אורי) | H15: קצר מאוד, להוסיף עוד קטע תעתיק
C16: Tr.2F.R1 | D16: ha-liḥṣān ha-lʾaddi ʿazīz | F16: {=INDEX(Recordings!AK:AK, MATCH(C16, Recordings!AN:AN, 0))} -> הגהה | G16: {=INDEX(Recordings!AL:AL, MATCH(C16, Recordings!AN:AN, 0))} -> אושר (אורי)
B17: Taršīḥa | C17: Tr.2F.R2 | D17: tiṣfīr | F17: {=INDEX(Recordings!AK:AK, MATCH(C17, Recordings!AN:AN, 0))} -> הגהה | G17: {=INDEX(Recordings!AL:AL, MATCH(C17, Recordings!AN:AN, 0))} -> עבר הגהה
C18: KS.1FC.R1 | D18: kubbit baṭāṭa | E18: ṯʾīl ; i~e# ; Silent h ; ant.pron ; intr. kān | F18: {=INDEX(Recordings!AK:AK, MATCH(C18, Recordings!AN:AN, 0))} -> בקרה | G18: {=INDEX(Recordings!AL:AL, MATCH(C18, Recordings!AN:AN, 0))} -> אושר (אורי) | H18: מחכה לתרגום
C19: Ġǧ.1F.R3 | D19: alġanmi - ṭayliʿīha tirǧa la-ḥāla | E19: non-diff. ; CayCaC ; CaCaC.CaCiC ; ay~ē | F19: {=INDEX(Recordings!AK:AK, MATCH(C19, Recordings!AN:AN, 0))} -> תעתיק | G19: {=INDEX(Recordings!AL:AL, MATCH(C19, Recordings!AN:AN, 0))} -> אושר (אורי)
B20: Birʿim | C20: Br.2MC.R1 | D20: mawʾif ḥariž min il-mawāʾif | F20: {=INDEX(Recordings!AK:AK, MATCH(C20, Recordings!AN:AN, 0))} -> בקרה | G20: {=INDEX(Recordings!AL:AL, MATCH(C20, Recordings!AN:AN, 0))} -> אושר (אורי) | H20: מחכה לתרגום
C21: KY.1FC.R1 | D21: walad maḥrūʾ nāʾeṣ aʿḍāʾ min žism-o | F21: {=INDEX(Recordings!AK:AK, MATCH(C21, Recordings!AN:AN, 0))} -> הגהה | G21: {=INDEX(Recordings!AL:AL, MATCH(C21, Recordings!AN:AN, 0))} -> אושר (אורי) | H21: מחכה לתרגום
B22: Faṣṣūṭa | C22: Fs.3MC.R1 | D22: Mṣallabt iddam | E22: w-glide | F22: {=INDEX(Recordings!AK:AK, MATCH(C22, Recordings!AN:AN, 0))} -> הגהה | G22: {=INDEX(Recordings!AL:AL, MATCH(C22, Recordings!AN:AN, 0))} -> אושר (אורי) | H22: קיים תרגום חלקי במאמר 2023
C23: Yr.1FD.R1 | D23: tʿallamet taṣmīm daxilay | F23: {=INDEX(Recordings!AK:AK, MATCH(C23, Recordings!AN:AN, 0))} -> הגהה | G23: {=INDEX(Recordings!AL:AL, MATCH(C23, Recordings!AN:AN, 0))} -> עבר הגהה
C24: Kb.1F.R1 | E24: סיפור מתחיל סביב 24:25 עד 29:20 | F24: תעתיק | G24: {=INDEX(Recordings!AL:AL, MATCH(C24, Recordings!AN:AN, 0))} -> מאושר לתעתיק | H24: מחכה לתעתיק
A26: R-Triangle | B26: Umm ilFaḥm | C26: UF.3F.R1 | D26: Mḥimmad itṣāwab ib-ʾīdu | F26: הגהה | G26: אושר (אורי) | H26: מחכה לתרגום
C27: ṬMṯ.1F.R1 | D27: ilyahudiyyāt yiḥtallēn iddār | F27: {=INDEX(Recordings!AK:AK, MATCH(C27, Recordings!AN:AN, 0))} -> הגהה | G27: {=INDEX(Recordings!AL:AL, MATCH(C27, Recordings!AN:AN, 0))} -> עבר הגהה
C28: BĠr.1F.R1 | D28: akalna mn izzād w-ilmiliḥ | F28: {=INDEX(Recordings!AK:AK, MATCH(C28, Recordings!AN:AN, 0))} -> תעתיק | G28: {=INDEX(Recordings!AL:AL, MATCH(C28, Recordings!AN:AN, 0))} -> אושר (אורי)
A30: R-Coast | C30: Fr.1F.R1 | D30: wikʿat minni lʿugá | F30: {=INDEX(Recordings!AK:AK, MATCH(C30, Recordings!AN:AN, 0))} -> תעתיק | G30: {=INDEX(Recordings!AL:AL, MATCH(C30, Recordings!AN:AN, 0))} -> אושר (אורי)
A32: R-Center | C32: ʿnt.3F.R1 | D32: izzalama barūdta fi čitfeh# / Innocent (CRPA 1805) | F32: {=INDEX(Recordings!AK:AK, MATCH(C32, Recordings!AN:AN, 0))} -> הגהה | G32: {=INDEX(Recordings!AL:AL, MATCH(C32, Recordings!AN:AN, 0))} -> בטיפול
C33: Lf.1M.R2 | D33: min ilʿēla ʿa-ṯāni ʿēle# (CRPA 2502) | F33: {=INDEX(Recordings!AK:AK, MATCH(C33, Recordings!AN:AN, 0))} -> הגהה | G33: {=INDEX(Recordings!AL:AL, MATCH(C33, Recordings!AN:AN, 0))} -> עבר הגהה
B34: Kaṭanna | C34: Kṭn.1F.R1 | D34: ḏ̣ayyaʿta la-lmiftāḥ lizġīr / Soldiers in pajamas (CRPA 3102) | F34: {=INDEX(Recordings!AK:AK, MATCH(C34, Recordings!AN:AN, 0))} -> הגהה | G34: אושר (אורי) | H34: מחכה לתרגום
B35: ilXaḏ̣ir | C35: Xḏ̣.2M.R1 | D35: lāzim ačayyil tačyīl | E35: narr.impt UCC a~e# -ču | F35: {=INDEX(Recordings!AK:AK, MATCH(C35, Recordings!AN:AN, 0))} -> הגהה | G35: אושר (אורי) | H35: מחכה לאוזן שנייה ותרגום
B36: Bēt Ǧāla | C36: BǦl.3M.R1 | D36: ibnat iFranklištayn | F36: {=INDEX(Recordings!AK:AK, MATCH(C36, Recordings!AN:AN, 0))} -> הגהה | G36: אושר (אורי)
B37: Bēt Nakūba | C37: BNk.1F.R1 | D37: Work arrangement (CRPA 2704) | F37: {=INDEX(Recordings!AK:AK, MATCH(C37, Recordings!AN:AN, 0))} -> הגהה | G37: {=INDEX(Recordings!AL:AL, MATCH(C37, Recordings!AN:AN, 0))} -> עבר הגהה
B38: Sinǧil | C38: Sn.1F.R2 | D38: iṭlub mir͜ min rabb-ak yiskī-k | F38: הגהה | G38: אושר (אורי) | H38: מחכה לאוזן שנייה ותרגום
C39: XB.1F.R4 | D39: Waking the dead (CRPA 8304) | F39: {=INDEX(Recordings!AK:AK, MATCH(C39, Recordings!AN:AN, 0))} -> הגהה | G39: {=INDEX(Recordings!AL:AL, MATCH(C39, Recordings!AN:AN, 0))} -> עבר הגהה
C40: XB.1F.R3 | F40: {=INDEX(Recordings!AK:AK, MATCH(C40, Recordings!AN:AN, 0))} -> תעתיק | G40: {=INDEX(Recordings!AL:AL, MATCH(C40, Recordings!AN:AN, 0))} -> בטיפול
C41: BF.2M.R1 | D41: bakat ʿinna baġla bēḏ̣a | F41: {=INDEX(Recordings!AK:AK, MATCH(C41, Recordings!AN:AN, 0))} -> הגהה | G41: {=INDEX(Recordings!AL:AL, MATCH(C41, Recordings!AN:AN, 0))} -> עבר הגהה
C42: WN.1F.R1 | D42: daxalt fi-ddukkōn w-kilt iḥmū-ni | E42: Push chain ā>ō => aw>ō>ū | F42: {=INDEX(Recordings!AK:AK, MATCH(C42, Recordings!AN:AN, 0))} -> הגהה | G42: {=INDEX(Recordings!AL:AL, MATCH(C42, Recordings!AN:AN, 0))} -> עבר הגהה
C43: Is.1F.R3 | D43: CRPA 1304 | F43: {=INDEX(Recordings!AK:AK, MATCH(C43, Recordings!AN:AN, 0))} -> הגהה | G43: {=INDEX(Recordings!AL:AL, MATCH(C43, Recordings!AN:AN, 0))} -> עבר הגהה
B44: Silwān | C44: Sl.3M.R1 | D44: dīč malʿūn wāldēn | E44: להמשיך עד סוף ההקלטה! | F44: {=INDEX(Recordings!AK:AK, MATCH(C44, Recordings!AN:AN, 0))} -> בקרה | G44: {=INDEX(Recordings!AL:AL, MATCH(C44, Recordings!AN:AN, 0))} -> עבר הגהה
C45: Sn.1F.R2 | D45: lēš ha-ččanna w-ʾačalna ʿrūk čirsanna | F45: {=INDEX(Recordings!AK:AK, MATCH(C45, Recordings!AN:AN, 0))} -> הגהה | G45: {=INDEX(Recordings!AL:AL, MATCH(C45, Recordings!AN:AN, 0))} -> אושר (אורי)
B46: Silbīt | C46: Sil.1F.R7 | D46: ana kīla w-il-a w-la-uxt-a kīle# | F46: {=INDEX(Recordings!AK:AK, MATCH(C46, Recordings!AN:AN, 0))} -> הגהה | G46: אושר (אורי)
A48: B-Galilee | B48: Ṭūba | C48: ṬZn.1FB.R1 | D48: bandōra | F48: {=INDEX(Recordings!AK:AK, MATCH(C48, Recordings!AN:AN, 0))} -> הגהה | G48: {=INDEX(Recordings!AL:AL, MATCH(C48, Recordings!AN:AN, 0))} -> עבר הגהה
B49: Čʿabiyya | C49: AČ.1FB.R2 | D49: taʿāl izgi farasak | F49: {=INDEX(Recordings!AK:AK, MATCH(C49, Recordings!AN:AN, 0))} -> הגהה | G49: אושר (אורי) | H49: מחכה לתרגום
B50: A. Ḥilf | C50: AḤ.1FB.R1 | D50: čint axāf agarrib ʿa-lġanama | F50: {=INDEX(Recordings!AK:AK, MATCH(C50, Recordings!AN:AN, 0))} -> הגהה | G50: {=INDEX(Recordings!AL:AL, MATCH(C50, Recordings!AN:AN, 0))} -> אושר (אורי)
A52: D-Galilee | B52: Yirka | C52: Yr.2MD.R1 | D52: qiṣṣt ilkalb w-ilfallāḥ | F52: {=INDEX(Recordings!AK:AK, MATCH(C52, Recordings!AN:AN, 0))} -> הגהה | G52: {=INDEX(Recordings!AL:AL, MATCH(C52, Recordings!AN:AN, 0))} -> עבר הגהה
B53: Kufr Smēʿ | C53: KS.3MD.R1 | D53: yimkin ʾakal-u šī waḥš | F53: {=INDEX(Recordings!AK:AK, MATCH(C53, Recordings!AN:AN, 0))} -> תעתיק | G53: עבר תעתיק
A55: R-South | B55: Yaṭṭa | C55: Yṭ.1M.R1 | D55: ağa tiḥtīy w-ana fogīh | E55: extended particles | F55: {=INDEX(Recordings!AK:AK, MATCH(C55, Recordings!AN:AN, 0))} -> הגהה | G55: {=INDEX(Recordings!AL:AL, MATCH(C55, Recordings!AN:AN, 0))} -> בטיפול
C56: BŪ.1F.R2 | D56: ḥayya mḥawwaya taḥtiyye | E56: UCC, presentative alla, extended particles | F56: {=INDEX(Recordings!AK:AK, MATCH(C56, Recordings!AN:AN, 0))} -> בקרה | G56: {=INDEX(Recordings!AL:AL, MATCH(C56, Recordings!AN:AN, 0))} -> בטיפול
B57: Ġazze | C57: Ġz.2F.R2 | D57: nifsi ʾarūʿ ʿa-lʾagṣa | E57: assimilation; lām alqasm; presentatives | F57: {=INDEX(Recordings!AK:AK, MATCH(C57, Recordings!AN:AN, 0))} -> הגהה | G57: {=INDEX(Recordings!AL:AL, MATCH(C57, Recordings!AN:AN, 0))} -> אושר (אורי) | H57: תורגם
C58: BǦb.1M.R1 | D58: min Bēt Šémiš ʿala ilGudis | F58: {=INDEX(Recordings!AK:AK, MATCH(C58, Recordings!AN:AN, 0))} -> הגהה | G58: {=INDEX(Recordings!AL:AL, MATCH(C58, Recordings!AN:AN, 0))} -> עבר הגהה
B59: Wādi inNīṣ | C59: WN.2M.R1 | D59: kīf ilʿaǧīn? | F59: {=INDEX(Recordings!AK:AK, MATCH(C59, Recordings!AN:AN, 0))} -> תעתיק | G59: {=INDEX(Recordings!AL:AL, MATCH(C59, Recordings!AN:AN, 0))} | H59: מחכה לתעתיק
C61: Mġr.1M.R4 | D61: lamman ṣārat ilʾintifāḏ̣a lʾawwala | F61: {=INDEX(Recordings!AK:AK, MATCH(C61, Recordings!AN:AN, 0))} -> הגהה | G61: {=INDEX(Recordings!AL:AL, MATCH(C61, Recordings!AN:AN, 0))} -> עבר הגהה
B62: Bēt Ummar | C62: BU.1M.R2 | D62: xallanā milthi w-axaḏna minn-a ǧidi | F62: {=INDEX(Recordings!AK:AK, MATCH(C62, Recordings!AN:AN, 0))} -> הגהה | G62: {=INDEX(Recordings!AL:AL, MATCH(C62, Recordings!AN:AN, 0))} -> עבר הגהה
B63: Battīr | C63: Bt.1M.R3 | D63: ya Ḥāzim, manta btōčl-iš arānib | F63: {=INDEX(Recordings!AK:AK, MATCH(C63, Recordings!AN:AN, 0))} -> תעתיק | G63: {=INDEX(Recordings!AL:AL, MATCH(C63, Recordings!AN:AN, 0))} -> אושר (אורי)
A65: B-South
C66: Ksf.1MB.R1 | F66: {=INDEX(Recordings!AK:AK, MATCH(C66, Recordings!AN:AN, 0))} -> תעתיק | G66: {=INDEX(Recordings!AL:AL, MATCH(C66, Recordings!AN:AN, 0))} -> בטיפול
B67: A.Rašāyde | C67: Arš.1MB.R2 | D67: ḥagīgiyye bas ǧinniyye | F67: {=INDEX(Recordings!AK:AK, MATCH(C67, Recordings!AN:AN, 0))} -> בקרה | G67: {=INDEX(Recordings!AL:AL, MATCH(C67, Recordings!AN:AN, 0))} -> עבר תעתיק
C76: Dr.1FB.R1 | D76: abūy kān "ćadík" | E76: לא מתאים לספר | F76: {=INDEX(Recordings!AK:AK, MATCH(C76, Recordings!AN:AN, 0))} -> תעתיק | G76: {=INDEX(Recordings!AL:AL, MATCH(C76, Recordings!AN:AN, 0))} -> עבר תעתיק

Sheet Villages according to موسوعة ال
B1: תעתיק | C1: שם היישוב | D1: קוד | E1: הרכב האוכלוסיה | F1: האם יש לנו הקלטות? | G1: כמה? | H1: האם נבחרו לספר? | I1: כמה? | J1: הערות
A2: الجولان | B2: Maždal Šams | C2: مجدل شمس | D2: MŠ | E2: D (Golan) | F2: =IF(G2=0,"בכלל לא","כן") -> כן | G2: =COUNTIF(Recordings!A:A,C2) -> 2
B3: Masʿadi | C3: مسعدة | D3: Ms | E3: D (Golan) | F3: =IF(G3=0,"בכלל לא","כן") -> כן | G3: =COUNTIF(Recordings!A:A,C3) -> 4
B4: Ein Qiniyye | C4: عين قنية | D4: EQ | E4: D (Golan) | F4: =IF(G4=0,"בכלל לא","כן") -> כן | G4: =COUNTIF(Recordings!A:A,C4) -> 1
B5: Buqʿāṯa | C5: بقعاثا | D5: Bqṯ | E5: D (Golan) | F5: =IF(G5=0,"בכלל לא","כן") -> בכלל לא | G5: =COUNTIF(Recordings!A:A,C5) -> 0
A6: صفد | B6: ižŽišš | C6: الجش | D6: Žš | E6: C (Maronite, Melkite, Catholic?, Muslim) | F6: =IF(G6=0,"בכלל לא","כן") -> כן | G6: =COUNTIF(Recordings!A:A,C6) -> 1
B7: Ġaǧar | C7: غجر | D7: Gǧ | E7: Alawite | F7: =IF(G7=0,"בכלל לא","כן") -> כן | G7: =COUNTIF(Recordings!A:A,C7) -> 5
B8: ʿArab azZbēdāt | C8: عرب الزبيدات | D8: AZ | F8: =IF(G8=0,"בכלל לא","כן") -> כן | G8: =COUNTIF(Recordings!A:A,C8) -> 1
B9: Ḥurfēš | C9: حرفيش | D9: Ḥr | E9: D (Galilee), C (Melkite), Muslim (very few) | F9: =IF(G9=0,"בכלל לא","כן") -> בכלל לא | G9: =COUNTIF(Recordings!A:A,C9) -> 0 | U9: ʿArab alḤamdūn | V9: AḤ | W9: אין הקלטות בכלל
B10: arRīḥāniyya | C10: الريحانية | D10: Rḥ | E10: Circassian | F10: =IF(G10=0,"בכלל לא","כן") -> בכלל לא | G10: =COUNTIF(Recordings!A:A,C10) -> 0 | U10: ʿArab alMrēsāt | V10: AM | W10: אין הקלטות בכלל
B11: Ṭūba-azZanġariyya | C11: طوبا الزنغرية | D11: ṬZn | E11: B (Galilee) | F11: =IF(G11=0,"בכלל לא","כן") -> כן | G11: =COUNTIF(Recordings!A:A,C11) -> 6 | U11: ʿArab alĠawārna | V11: AĠ | W11: אין הקלטות בכלל
B12: Ṣafad | C12: صفد | D12: Ṣf | F12: =IF(G12=0,"בכלל לא","כן") -> בכלל לא | G12: =COUNTIF(Recordings!A:A,C12) -> 0 | U12: Arab alGēṭiyya | V12: AG | W12: אין הקלטות בכלל
B13: Kufur Birʿim | C13: كفر برعم | D13: Br | F13: =IF(G13=0,"בכלל לא","כן") -> כן | G13: =COUNTIF(Recordings!A:A,C13) -> 5
B14: alḤusēniyya | C14: الحسينية | D14: Ḥs | F14: =IF(G14=0,"בכלל לא","כן") -> בכלל לא | G14: =COUNTIF(Recordings!A:A,C14) -> 0
B15: ʿAkbara | C15: عكبرة | D15: Akb | E15: M | F15: =IF(G15=0,"בכלל לא","כן") -> בכלל לא | G15: =COUNTIF(Recordings!A:A,C15) -> 0 | J15: Includes population from Qadita. | U15: ʿArab alLhēb | V15: AL | W15: אין הקלטות בכלל
A16: عكا | B16: Abu Snān | C16: أبو سنان | D16: ASn | E16: D (Galilee), M, C (Orthodox, Melkite, Evangelical?) | F16: =IF(G16=0,"בכלל לא","כן") -> כן | G16: =COUNTIF(Recordings!A:A,C16) -> 4 | U16: ʿArab asSamniyya | V16: ASm | W16: אין הקלטות בכלל
B17: liBʿēni | C17: البعنة | D17: Bni | E17: M, C (Melkite, Orthodox), B (Galilee) | F17: =IF(G17=0,"בכלל לא","כן") -> בכלל לא | G17: =COUNTIF(Recordings!A:A,C17) -> 0 | U17: ʿArab aṣṢwēṭāt | V17: AṢ | W17: אין הקלטות בכלל
B18: ilBqēʿa | C18: البقيعة | D18: Bq | E18: D (Galilee), M, C (Orthodox, Melkite) | F18: =IF(G18=0,"בכלל לא","כן") -> כן | G18: =COUNTIF(Recordings!A:A,C18) -> 5 | U18: ʿArab alʿAmariyya | V18: AAm | W18: אין הקלטות בכלל
B19: Ždaydi-ilMaker | C19: جديدة-المكر | D19: ŽM | E19: M, C (Orthodox, Melkite) | F19: =IF(G19=0,"בכלל לא","כן") -> בכלל לא | G19: =COUNTIF(Recordings!A:A,C19) -> 0 | J19: Includes many displaced from surounding villages. | U19: ʿArab alGmērāt | V19: AGm | W19: אין הקלטות בכלל
B20: alḤusēniyya | C20: الحسينية | D20: Ḥs | E20: B (Galilee) | F20: =IF(G20=0,"בכלל לא","כן") -> בכלל לא | G20: =COUNTIF(Recordings!A:A,C20) -> 0 | U20: ʿArab alXawālid | V20: AX | W20: אין הקלטות בכלל
B21: irRāmi | C21: الرامة | D21: Rm | E21: D (Galilee), M, C (Orthodox, Melkite, Latin) | F21: =IF(G21=0,"בכלל לא","כן") -> כן | G21: =COUNTIF(Recordings!A:A,C21) -> 3 | J21: Includes most of the populatin from Iqriṯ & Birʿim. | U21: Ḥilf Ṭabbāš | V21: ḤṬ | W21: אין הקלטות בכלל
B22: išŠēx Dannūn | C22: الشيخ دنون | D22: ŠD | F22: =IF(G22=0,"בכלל לא","כן") -> בכלל לא | G22: =COUNTIF(Recordings!A:A,C22) -> 0 | U22: ʿArab alḤaǧāǧra | V22: AḤǧǧ | W22: אין הקלטות בכלל
C23: القبسي | D23: Qbs | E23: B (Galilee) | F23: =IF(G23=0,"בכלל לא","כן") -> בכלל לא | G23: =COUNTIF(Recordings!A:A,C23) -> 0 | U23: ʿArab alǦawāmīs | V23: AǦ | W23: אין הקלטות בכלל
B24: ačČammāna | C24: الكمانة | D24: Čm | E24: B (Galilee) | F24: =IF(G24=0,"בכלל לא","כן") -> בכלל לא | G24: =COUNTIF(Recordings!A:A,C24) -> 0 | U24: ʿArab alĠazzālīn | V24: AĠz | W24: אין הקלטות בכלל
B25: ilMazraʿa | C25: المزرعة | D25: Mz | E25: M | F25: =IF(G25=0,"בכלל לא","כן") -> בכלל לא | G25: =COUNTIF(Recordings!A:A,C25) -> 0 | U25: ʿArab alĠrīfāt | V25: AĠr | W25: אין הקלטות בכלל
B26: Bēt Žān | C26: بيت جان | D26: BŽ | E26: D (Galilee) | F26: =IF(G26=0,"בכלל לא","כן") -> בכלל לא | G26: =COUNTIF(Recordings!A:A,C26) -> 0 | U26: ʿArab alMazārīb | V26: AMz | W26: אין הקלטות בכלל
B27: Žūlis | C27: جولس | D27: Žl | E27: D (Galilee), M (very few) | F27: =IF(G27=0,"בכלל לא","כן") -> בכלל לא | G27: =COUNTIF(Recordings!A:A,C27) -> 0 | U27: ʿArab anNǧēdāt | V27: ANǧ | W27: אין הקלטות בכלל
B28: Dēr ilAsad | C28: دير الأسد | D28: DA | E28: M | F28: =IF(G28=0,"בכלל לא","כן") -> כן | G28: =COUNTIF(Recordings!A:A,C28) -> 1
B29: Dēr Ḥanna | C29: دير حنا | D29: DḤ | E29: M, C (Orthodox), B (Galilee) | F29: =IF(G29=0,"בכלל לא","כן") -> בכלל לא | G29: =COUNTIF(Recordings!A:A,C29) -> 0 | U29: ʿArab asSʿadiyya | V29: ASd | W29: אין הקלטות בכלל
B30: Rās ilĒn | C30: راس العين | D30: RE | E30: D (Galilee) | F30: =IF(G30=0,"בכלל לא","כן") -> בכלל לא | G30: =COUNTIF(Recordings!A:A,C30) -> 0 | U30: Manšiyyat izZibdi | V30: MZ | W30: אין הקלטות בכלל
B31: Sažūr | C31: ساجور | D31: Sž | E31: D (Galilee) | F31: =IF(G31=0,"בכלל לא","כן") -> בכלל לא | G31: =COUNTIF(Recordings!A:A,C31) -> 0 | U31: ʿArab adDalāyka | V31: AD | W31: אין הקלטות בכלל
B32: Saxnīn | C32: سخنين | D32: Sx | E32: M (large Sufi population), C (Orthodox, Melkite), B (Galilee) | F32: =IF(G32=0,"בכלל לא","כן") -> כן | G32: =COUNTIF(Recordings!A:A,C32) -> 1 | U32: ʿArab asSaʿāyda | V32: ASy | W32: אין הקלטות בכלל
B33: Šaʿab | C33: شعب | D33: Šb | E33: M, B (Galilee) | F33: =IF(G33=0,"בכלל לא","כן") -> בכלל לא | G33: =COUNTIF(Recordings!A:A,C33) -> 0 | J33: Majority of population displaced from neighbouring villages.
B34: Ṭamra | C34: طمرة | D34: Ṭmr | E34: M, B (Galilee) | F34: =IF(G34=0,"בכלל לא","כן") -> כן | G34: =COUNTIF(Recordings!A:A,C34) -> 1
B35: ʿArrābi | C35: عرابة | D35: Ar | E35: M, C (Melkite) | F35: =IF(G35=0,"בכלל לא","כן") -> כן | G35: =COUNTIF(Recordings!A:A,C35) -> 4
B36: ʿArab alʿArāmša | C36: عرب العرامشة | D36: AA | E36: B (Galilee) | F36: =IF(G36=0,"בכלל לא","כן") -> בכלל לא | G36: =COUNTIF(Recordings!A:A,C36) -> 0
B37: ʿArab asSawāʿid | C37: عرب السواعد | D37: AS | F37: =IF(G37=0,"בכלל לא","כן") -> בכלל לא | G37: =COUNTIF(Recordings!A:A,C37) -> 0
B38: ʿArab anNaʿīm | C38: عرب النعيم | D38: AN | E38: B (Galilee) | F38: =IF(G38=0,"בכלל לא","כן") -> בכלל לא | G38: =COUNTIF(Recordings!A:A,C38) -> 0
B39: ʿAkka | C39: عكا | D39: Ak | F39: =IF(G39=0,"בכלל לא","כן") -> כן | G39: =COUNTIF(Recordings!A:A,C39) -> 1
B40: ʿĒn ilAsad | C40: عين الأسد | D40: EA | F40: =IF(G40=0,"בכלל לא","כן") -> בכלל לא | G40: =COUNTIF(Recordings!A:A,C40) -> 0
B41: Fassūṭa | C41: فسوطة | D41: Fs | F41: =IF(G41=0,"בכלל לא","כן") -> כן | G41: =COUNTIF(Recordings!A:A,C41) -> 5
B42: Kābūl | C42: كابول | D42: KBL | F42: =IF(G42=0,"בכלל לא","כן") -> בכלל לא | G42: =COUNTIF(Recordings!A:A,C42) -> 0
B43: Kisra | C43: كسرى | D43: Ksr | F43: =IF(G43=0,"בכלל לא","כן") -> כן | G43: =COUNTIF(Recordings!A:A,C43) -> 8
B44: Kufur Smēʿ | C44: كفر سميع | D44: KS | F44: =IF(G44=0,"בכלל לא","כן") -> כן | G44: =COUNTIF(Recordings!A:A,C44) -> 3
B45: Kufur Yāsīf | C45: كفر ياسيف | D45: KY | F45: =IF(G45=0,"בכלל לא","כן") -> כן | G45: =COUNTIF(Recordings!A:A,C45) -> 4
B46: Mažd ilKrūm | C46: مجد الكروم | D46: MK | F46: =IF(G46=0,"בכלל לא","כן") -> בכלל לא | G46: =COUNTIF(Recordings!A:A,C46) -> 0
B47: Miʿilya | C47: معليا | D47: Ml | F47: =IF(G47=0,"בכלל לא","כן") -> כן | G47: =COUNTIF(Recordings!A:A,C47) -> 4
B48: Taršīḥa | C48: ترشيحا | D48: Tr | F48: =IF(G48=0,"בכלל לא","כן") -> כן | G48: =COUNTIF(Recordings!A:A,C48) -> 17
B49: Naḥf | C49: نحف | D49: Nḥ | F49: =IF(G49=0,"בכלל לא","כן") -> בכלל לא | G49: =COUNTIF(Recordings!A:A,C49) -> 0
B50: Wādi Salāma | C50: وادي سلامة | D50: WSl | F50: =IF(G50=0,"בכלל לא","כן") -> בכלל לא | G50: =COUNTIF(Recordings!A:A,C50) -> 0
... B52: Yirka | C52: يركا | D52: Yr | F52: =IF(G52=0,"בכלל לא","כן") -> כן | G52: =COUNTIF(Recordings!A:A,C52) -> 4
A53: حيفا | B53: ʿArab ačČʿabiyya | C53: عرب الكعبية | D53: AČ | F53: =IF(G53=0,"בכלל לא","כן") -> כן | G53: =COUNTIF(Recordings!A:A,C53) -> 3
B54: ʿArab alḤilf | C54: عرب الحلف | D54: AḤl | F54: =IF(G54=0,"בכלל לא","כן") -> כן | G54: =COUNTIF(Recordings!A:A,C54) -> 1
B55: ʿĒn Ḥōḏ̣ | C55: عين حوض | D55: EḤ | F55: =IF(G55=0,"בכלל לא","כן") -> בכלל לא | G55: =COUNTIF(Recordings!A:A,C55) -> 0
B56: Umm ilQuṭuf | C56: ام القطوف | D56: UQṭ | F56: =IF(G56=0,"בכלל לא","כן") -> בכלל לא | G56: =COUNTIF(Recordings!A:A,C56) -> 0
B57: Umm ilFaḥm | C57: ام الفحم | D57: UF | F57: =IF(G57=0,"בכלל לא","כן") -> כן | G57: =COUNTIF(Recordings!A:A,C57) -> 3
B58: ʿIbillīn | C58: إعبلين | D58: Ib | F58: =IF(G58=0,"בכלל לא","כן") -> בכלל לא | G58: =COUNTIF(Recordings!A:A,C58) -> 0
B59: ilFrēdīs | C59: الفريديس | D59: Fr | F59: =IF(G59=0,"בכלל לא","כן") -> כן | G59: =COUNTIF(Recordings!A:A,C59) -> 1
B60: Baqa lĠarbiyya | C60: باقة الغربية | D60: BĠr | F60: =IF(G60=0,"בכלל לא","כן") -> כן | G60: =COUNTIF(Recordings!A:A,C60) -> 1
B61: Barṭaʿa ilĠarbiyya | C61: برطعة الغربية | F61: =IF(G61=0,"בכלל לא","כן") -> בכלל לא | G61: =COUNTIF(Recordings!A:A,C61) -> 0
B62: elBayāḏ̣a | C62: البياضة | D62: By | F62: =IF(G62=0,"בכלל לא","כן") -> בכלל לא | G62: =COUNTIF(Recordings!A:A,C62) -> 0
B63: Ǧisr azZarga | C63: جسر الزرقاء | D63: ǦZ | F63: =IF(G63=0,"בכלל לא","כן") -> כן | G63: =COUNTIF(Recordings!A:A,C63) -> 1
B64: Ḥēfa | C64: حيفا | D64: Ḥf | F64: =IF(G64=0,"בכלל לא","כן") -> כן | G64: =COUNTIF(Recordings!A:A,C64) -> 10
B65: Xawālid | C65: خوالد | F65: =IF(G65=0,"בכלל לא","כן") -> בכלל לא | G65: =COUNTIF(Recordings!A:A,C65) -> 0
B66: Dār ilḤanūn | C66: دار الحنون | F66: =IF(G66=0,"בכלל לא","כן") -> בכלל לא | G66: =COUNTIF(Recordings!A:A,C66) -> 0
B67: Dālyit ilKarmil | C67: دالية الكرمل | D67: DK | F67: =IF(G67=0,"בכלל לא","כן") -> בכלל לא | G67: =COUNTIF(Recordings!A:A,C67) -> 0
B68: Zalafe | C68: زلفة | D68: Zl | F68: =IF(G68=0,"בכלל לא","כן") -> בכלל לא | G68: =COUNTIF(Recordings!A:A,C68) -> 0
B69: Sālim | C69: سالم | D69: Sl | F69: =IF(G69=0,"בכלל לא","כן") -> בכלל לא | G69: =COUNTIF(Recordings!A:A,C69) -> 0
B70: ٍŠfāʿAmir | C70: شفاعمرو | D70: Šf | F70: =IF(G70=0,"בכלל לא","כן") -> בכלל לא | G70: =COUNTIF(Recordings!A:A,C70) -> 0
B71: Ṣandala | C71: صندلة | D71: Ṣn | F71: =IF(G71=0,"בכלל לא","כן") -> בכלל לא | G71: =COUNTIF(Recordings!A:A,C71) -> 0
B72: ʿarʿara | C72: عرعرة | F72: =IF(G72=0,"בכלל לא","כן") -> בכלל לא | G72: =COUNTIF(Recordings!A:A,C72) -> 0
B73: irRummāni | C73: رمانة | D73: Rmn | F73: =IF(G73=0,"בכלל לא","כן") -> בכלל לא | G73: =COUNTIF(Recordings!A:A,C73) -> 0
B74: ʿāra | C74: عارة | F74: =IF(G74=0,"בכלל לא","כן") -> בכלל לא | G74: =COUNTIF(Recordings!A:A,C74) -> 0
B75: ʿIsifiya | C75: عسفيا | D75: Is | F75: =IF(G75=0,"בכלל לא","כן") -> בכלל לא | G75: =COUNTIF(Recordings!A:A,C75) -> 0
B76: Kufr Qaraʿ | C76: كفر قرع | F76: =IF(G76=0,"בכלל לא","כן") -> בכלל לא | G76: =COUNTIF(Recordings!A:A,C76) -> 0
B77: Maysar | C77: ميسر | F77: =IF(G77=0,"בכלל לא","כן") -> בכלל לא | G77: =COUNTIF(Recordings!A:A,C77) -> 0
B78: Mšērfe | C78: مشيرفة | D78: Mš | F78: =IF(G78=0,"בכלל לא","כן") -> בכלל לא | G78: =COUNTIF(Recordings!A:A,C78) -> 0
B79: Muʿāwiya | C79: معاوية | D79: Mw | F79: =IF(G79=0,"בכלל לא","כן") -> בכלל לא | G79: =COUNTIF(Recordings!A:A,C79) -> 0
B80: Mkēble | C80: مقيبلة | D80: Mk | F80: =IF(G80=0,"בכלל לא","כן") -> בכלל לא | G80: =COUNTIF(Recordings!A:A,C80) -> 0
B81: Muṣmuṣ | C81: مصمص | D81: Mṣ | F81: =IF(G81=0,"בכלל לא","כן") -> בכלל לא | G81: =COUNTIF(Recordings!A:A,C81) -> 0
A82: الناصرة | B82: Iksāl | C82: إكسال | D82: Ik | F82: =IF(G82=0,"בכלל לא","כן") -> בכלל לא | G82: =COUNTIF(Recordings!A:A,C82) -> 0
C83: البعينة النجيدات | F83: =IF(G83=0,"בכלל לא","כן") -> בכלל לא | G83: =COUNTIF(Recordings!A:A,C83) -> 0
C84: الدحي | F84: =IF(G84=0,"בכלל לא","כן") -> בכלל לא | G84: =COUNTIF(Recordings!A:A,C84) -> 0
B85: irRīni | C85: الرينة | D85: Rn | F85: =IF(G85=0,"בכלל לא","כן") -> בכלל לא | G85: =COUNTIF(Recordings!A:A,C85) -> 0
C86: العزير | F86: =IF(G86=0,"בכלל לא","כן") -> בכלל לא | G86: =COUNTIF(Recordings!A:A,C86) -> 0
B87: ilMašhad | C87: المشهد | D87: Mšh | F87: =IF(G87=0,"בכלל לא","כן") -> בכלל לא | G87: =COUNTIF(Recordings!A:A,C87) -> 0
B88: inNāṣri | C88: الناصرة | D88: Nṣ | F88: =IF(G88=0,"בכלל לא","כן") -> כן | G88: =COUNTIF(Recordings!A:A,C88) -> 8
C89: الناعورة | F89: =IF(G89=0,"בכלל לא","כן") -> בכלל לא | G89: =COUNTIF(Recordings!A:A,C89) -> 0
B90: Bīr ilMaksūr | C90: بير المكسور | D90: BMk | F90: =IF(G90=0,"בכלל לא","כן") -> כן | G90: =COUNTIF(Recordings!A:A,C90) -> 1
B91: Dabūriyyi | C91: دبورية | D91: Db | F91: =IF(G91=0,"בכלל לא","כן") -> בכלל לא | G91: =COUNTIF(Recordings!A:A,C91) -> 0
B92: Rummāne ilBaṭūf | C92: رمانة البطوف | D92: RB | F92: =IF(G92=0,"בכלל לא","כן") -> בכלל לא | G92: =COUNTIF(Recordings!A:A,C92) -> 0
C93: رمة الهيب | F93: =IF(G93=0,"בכלל לא","כן") -> בכלל לא | G93: =COUNTIF(Recordings!A:A,C93) -> 0
B94: Bēt Zarzīr | C94: زرزير | F94: =IF(G94=0,"בכלל לא","כן") -> כן | G94: =COUNTIF(Recordings!A:A,C94) -> 8
C95: سولم | F95: =IF(G95=0,"בכלל לא","כן") -> בכלל לא | G95: =COUNTIF(Recordings!A:A,C95) -> 0
C96: ضميدة | F96: =IF(G96=0,"בכלל לא","כן") -> בכלל לא | G96: =COUNTIF(Recordings!A:A,C96) -> 0
B97: Ṭurʿān | C97: طرعان | D97: Ṭrn | F97: =IF(G97=0,"בכלל לא","כן") -> כן | G97: =COUNTIF(Recordings!A:A,C97) -> 9
B98: ʿArab ašŠibli | C98: عرب الشبلي | D98: AŠ | F98: =IF(G98=0,"בכלל לא","כן") -> כן | G98: =COUNTIF(Recordings!A:A,C98) -> 5
B99: ʿĪlūṭ | C99: عيلوط | D99: Il | F99: =IF(G99=0,"בכלל לא","כן") -> בכלל לא | G99: =COUNTIF(Recordings!A:A,C99) -> 0
B100: ʿĒn Māhil | C100: عين ماهل | D100: EM | F100: =IF(G100=0,"בכלל לא","כן") -> בכלל לא | G100: =COUNTIF(Recordings!A:A,C100) -> 0
B101: Kafir Kanna | C101: كفر كنا | D101: KK | F101: =IF(G101=0,"בכלל לא","כן") -> בכלל לא | G101: =COUNTIF(Recordings!A:A,C101) -> 0
...

Sheet Statistics
A1: כלל הקורפוס | E1: רשימת דוברים מלאה | F1: מגדר | H1: רשימת דוברים (בקרה/הגהה/תעתיק) | I1: מגדר | K1: מגדר הדוברים | L1: כמות
B2: בקרה | C2: =SUMIF(Recordings!AK:AK, B2, Recordings!AO:AO) -> 0.1384375 | E2: =IFERROR(__xludf.DUMMYFUNCTION("ARRAYFORMULA(LET(names, IFERROR(REGEXEXTRACT(Recordings!AN2:AN1402, ""^(.*)\.R""),""""), unique_names, SORT(UNIQUE(FILTER(names, names<>""""))), {unique_names, VLOOKUP(unique_names, {names, Recordings!I2:I1402}, 2, 0)}))"),"Ab.1M") -> Ab.1M | F2: =IFERROR(__xludf.DUMMYFUNCTION("""COMPUTED_VALUE"""),"M") -> M | H2: =IFERROR(__xludf.DUMMYFUNCTION("ARRAYFORMULA(LET(names, IFERROR(REGEXEXTRACT(Recordings!AN2:AN1402, ""^(.*)\.R""),""""), designations, Recordings!AK2:AK1402, target_list, SORT(UNIQUE(FILTER(names, REGEXMATCH(designations, ""^(בקרה|תעתיק|הגהה)$"")))), {target_list, VLOOKUP(target_list, {"&"names, Recordings!I2:I1402}, 2, 0)}))"),"") | K2: זכר | L2: =COUNTIF(I3:I1402, "M") -> 138
B3: דקדוק | C3: =SUMIF(Recordings!AK:AK, B3, Recordings!AO:AO) -> 0.625625 | E3: =IFERROR(__xludf.DUMMYFUNCTION("""COMPUTED_VALUE"""),"AČ.1FB") -> AČ.1FB | F3: =IFERROR(__xludf.DUMMYFUNCTION("""COMPUTED_VALUE"""),"F") -> F | H3: =IFERROR(__xludf.DUMMYFUNCTION("""COMPUTED_VALUE"""),"Ab.1M") -> Ab.1M | I3: =IFERROR(__xludf.DUMMYFUNCTION("""COMPUTED_VALUE"""),"M") -> M | K3: נקבה | L3: =COUNTIF(I3:I1402, "F") -> 126
B4: הגהה | C4: =SUMIF(Recordings!AK:AK, B4, Recordings!AO:AO) -> 0.80769676 | E4: =IFERROR(__xludf.DUMMYFUNCTION("""COMPUTED_VALUE"""),"AD.1F") -> AD.1F | F4: =IFERROR(__xludf.DUMMYFUNCTION("""COMPUTED_VALUE"""),"F") -> F | H4: =IFERROR(__xludf.DUMMYFUNCTION("""COMPUTED_VALUE"""),"AČ.1FB") -> AČ.1FB | I4: =IFERROR(__xludf.DUMMYFUNCTION("""COMPUTED_VALUE"""),"F") -> F | K4: סה״כ | L4: =SUM(L2:L3) -> 264
B5: זבל | C5: =SUMIF(Recordings!AK:AK, B5, Recordings!AO:AO) -> 0.09556713 | E5: =IFERROR(__xludf.DUMMYFUNCTION("""COMPUTED_VALUE"""),"AD.2F") -> AD.2F | F5: =IFERROR(__xludf.DUMMYFUNCTION("""COMPUTED_VALUE"""),"F") -> F | H5: =IFERROR(__xludf.DUMMYFUNCTION("""COMPUTED_VALUE"""),"AD.1F") -> AD.1F | I5: =IFERROR(__xludf.DUMMYFUNCTION("""COMPUTED_VALUE"""),"F") -> F
B6: תעתיק | C6: =SUMIF(Recordings!AK:AK, B6, Recordings!AO:AO) -> 0.74886574 | E6: =IFERROR(__xludf.DUMMYFUNCTION("""COMPUTED_VALUE"""),"AD.3M") -> AD.3M | F6: =IFERROR(__xludf.DUMMYFUNCTION("""COMPUTED_VALUE"""),"M") -> M | H6: =IFERROR(__xludf.DUMMYFUNCTION("""COMPUTED_VALUE"""),"AD.5F") -> AD.5F | I6: =IFERROR(__xludf.DUMMYFUNCTION("""COMPUTED_VALUE"""),"F") -> F | K6: מגדר הדוברים (רשימה מלאה) | L6: כמות
B7: ריק | C7: =SUMIF(Recordings!AK:AK, "", Recordings!AO:AO) -> 1.2047569 | E7: =IFERROR(__xludf.DUMMYFUNCTION("""COMPUTED_VALUE"""),"AD.4M") -> AD.4M | F7: =IFERROR(__xludf.DUMMYFUNCTION("""COMPUTED_VALUE"""),"M") -> M | H7: =IFERROR(__xludf.DUMMYFUNCTION("""COMPUTED_VALUE"""),"AĠ.1M") -> AĠ.1M | I7: =IFERROR(__xludf.DUMMYFUNCTION("""COMPUTED_VALUE"""),"M") -> M | K7: זכר | L7: =COUNTIF(F1:F1402, "M") -> 254
B8: סה״כ | C8: =SUM(C2:C7) -> 3.6209491 | E8: =IFERROR(__xludf.DUMMYFUNCTION("""COMPUTED_VALUE"""),"AD.5F") -> AD.5F | F8: =IFERROR(__xludf.DUMMYFUNCTION("""COMPUTED_VALUE"""),"F") -> F | H8: =IFERROR(__xludf.DUMMYFUNCTION("""COMPUTED_VALUE"""),"AĠ.2M") -> AĠ.2M | I8: =IFERROR(__xludf.DUMMYFUNCTION("""COMPUTED_VALUE"""),"M") -> M | K8: נקבה | L8: =COUNTIF(F1:F1402, "F") -> 220
E9: =IFERROR(__xludf.DUMMYFUNCTION("""COMPUTED_VALUE"""),"AD.6M") -> AD.6M | F9: =IFERROR(__xludf.DUMMYFUNCTION("""COMPUTED_VALUE"""),"M") -> M | H9: =IFERROR(__xludf.DUMMYFUNCTION("""COMPUTED_VALUE"""),"AĠ.4M") -> AĠ.4M | I9: =IFERROR(__xludf.DUMMYFUNCTION("""COMPUTED_VALUE"""),"M") -> M | K9: סה״כ | L9: =SUM(L7:L8) -> 474
E10: =IFERROR(__xludf.DUMMYFUNCTION("""COMPUTED_VALUE"""),"AD.7F") -> AD.7F | F10: =IFERROR(__xludf.DUMMYFUNCTION("""COMPUTED_VALUE"""),"F") -> F | H10: =IFERROR(__xludf.DUMMYFUNCTION("""COMPUTED_VALUE"""),"AĠ.5M") -> AĠ.5M | I10: =IFERROR(__xludf.DUMMYFUNCTION("""COMPUTED_VALUE"""),"M") -> M
A11: עיבוד משמעותי | E11: =IFERROR(__xludf.DUMMYFUNCTION("""COMPUTED_VALUE"""),"AĠ.10F") -> AĠ.10F | F11: =IFERROR(__xludf.DUMMYFUNCTION("""COMPUTED_VALUE"""),"F") -> F | H11: =IFERROR(__xludf.DUMMYFUNCTION("""COMPUTED_VALUE"""),"AǦh.1MB") -> AǦh.1MB | I11: =IFERROR(__xludf.DUMMYFUNCTION("""COMPUTED_VALUE"""),"M") -> M
B12: בקרה | C12: =SUMIF(Recordings!AK:AK, B2, Recordings!AO:AO) -> 0.1384375 | E12: =IFERROR(__xludf.DUMMYFUNCTION("""COMPUTED_VALUE"""),"AĠ.11M") -> AĠ.11M | F12: =IFERROR(__xludf.DUMMYFUNCTION("""COMPUTED_VALUE"""),"M") -> M | H12: =IFERROR(__xludf.DUMMYFUNCTION("""COMPUTED_VALUE"""),"AḤ.1FB") -> AḤ.1FB | I12: =IFERROR(__xludf.DUMMYFUNCTION("""COMPUTED_VALUE"""),"F") -> F
B13: הגהה | C13: =SUMIF(Recordings!AK:AK, B4, Recordings!AO:AO) -> 0.80769676 | E13: =IFERROR(__xludf.DUMMYFUNCTION("""COMPUTED_VALUE"""),"AĠ.12F") -> AĠ.12F | F13: =IFERROR(__xludf.DUMMYFUNCTION("""COMPUTED_VALUE"""),"F") -> F | H13: =IFERROR(__xludf.DUMMYFUNCTION("""COMPUTED_VALUE"""),"AḤǧ.1MB") -> AḤǧ.1MB | I13: =IFERROR(__xludf.DUMMYFUNCTION("""COMPUTED_VALUE"""),"M") -> M
B14: תעתיק | C14: =SUMIF(Recordings!AK:AK, B6, Recordings!AO:AO) -> 0.74886574 | E14: =IFERROR(__xludf.DUMMYFUNCTION("""COMPUTED_VALUE"""),"AĠ.13F") -> AĠ.13F | F14: =IFERROR(__xludf.DUMMYFUNCTION("""COMPUTED_VALUE"""),"F") -> F | H14: =IFERROR(__xludf.DUMMYFUNCTION("""COMPUTED_VALUE"""),"Arb.2M") -> Arb.2M | I14: =IFERROR(__xludf.DUMMYFUNCTION("""COMPUTED_VALUE"""),"M") -> M
B15: סה״כ | C15: =SUM(C12:C14) -> 1.695 | E15: =IFERROR(__xludf.DUMMYFUNCTION("""COMPUTED_VALUE"""),"AĠ.14F") -> AĠ.14F | F15: =IFERROR(__xludf.DUMMYFUNCTION("""COMPUTED_VALUE"""),"F") -> F | H15: =IFERROR(__xludf.DUMMYFUNCTION("""COMPUTED_VALUE"""),"Arḥ.2F") -> Arḥ.2F | I15: =IFERROR(__xludf.DUMMYFUNCTION("""COMPUTED_VALUE"""),"F") -> F
E16: =IFERROR(__xludf.DUMMYFUNCTION("""COMPUTED_VALUE"""),"AĠ.1M") -> AĠ.1M | F16: =IFERROR(__xludf.DUMMYFUNCTION("""COMPUTED_VALUE"""),"M") -> M | H16: =IFERROR(__xludf.DUMMYFUNCTION("""COMPUTED_VALUE"""),"Arr.1F") -> Arr.1F | I16: =IFERROR(__xludf.DUMMYFUNCTION("""COMPUTED_VALUE"""),"F") -> F
E17: =IFERROR(__xludf.DUMMYFUNCTION("""COMPUTED_VALUE"""),"AĠ.2M") -> AĠ.2M | F17: =IFERROR(__xludf.DUMMYFUNCTION("""COMPUTED_VALUE"""),"M") -> M | H17: =IFERROR(__xludf.DUMMYFUNCTION("""COMPUTED_VALUE"""),"Arš.1MB") -> Arš.1MB | I17: =IFERROR(__xludf.DUMMYFUNCTION("""COMPUTED_VALUE"""),"M") -> M
E18: =IFERROR(__xludf.DUMMYFUNCTION("""COMPUTED_VALUE"""),"AĠ.3M") -> AĠ.3M | F18: =IFERROR(__xludf.DUMMYFUNCTION("""COMPUTED_VALUE"""),"M") -> M | H18: =IFERROR(__xludf.DUMMYFUNCTION("""COMPUTED_VALUE"""),"AŠ.1MB") -> AŠ.1MB | I18: =IFERROR(__xludf.DUMMYFUNCTION("""COMPUTED_VALUE"""),"M") -> M
A19: לא עובד | E19: =IFERROR(__xludf.DUMMYFUNCTION("""COMPUTED_VALUE"""),"AĠ.4M") -> AĠ.4M | F19: =IFERROR(__xludf.DUMMYFUNCTION("""COMPUTED_VALUE"""),"M") -> M | H19: =IFERROR(__xludf.DUMMYFUNCTION("""COMPUTED_VALUE"""),"AŠ.3MB") -> AŠ.3MB | I19: =IFERROR(__xludf.DUMMYFUNCTION("""COMPUTED_VALUE"""),"M") -> M
B20: זבל | C20: =SUMIF(Recordings!AK:AK, B20, Recordings!AO:AO) -> 0.09556713 | E20: =IFERROR(__xludf.DUMMYFUNCTION("""COMPUTED_VALUE"""),"AĠ.5M") -> AĠ.5M | F20: =IFERROR(__xludf.DUMMYFUNCTION("""COMPUTED_VALUE"""),"M") -> M | H20: =IFERROR(__xludf.DUMMYFUNCTION("""COMPUTED_VALUE"""),"ASn.1MC") -> ASn.1MC | I20: =IFERROR(__xludf.DUMMYFUNCTION("""COMPUTED_VALUE"""),"M") -> M
B21: ריק | C21: =SUMIF(Recordings!AK:AK, "", Recordings!AO:AO) -> 1.2047569 | E21: =IFERROR(__xludf.DUMMYFUNCTION("""COMPUTED_VALUE"""),"AĠ.6F") -> AĠ.6F | F21: =IFERROR(__xludf.DUMMYFUNCTION("""COMPUTED_VALUE"""),"F") -> F | H21: =IFERROR(__xludf.DUMMYFUNCTION("""COMPUTED_VALUE"""),"ASn.2FC") -> ASn.2FC | I21: =IFERROR(__xludf.DUMMYFUNCTION("""COMPUTED_VALUE"""),"F") -> F
B22: סה״כ | C22: =SUM(C17:C21) -> 1.3003241 | E22: =IFERROR(__xludf.DUMMYFUNCTION("""COMPUTED_VALUE"""),"AĠ.7F") -> AĠ.7F | F22: =IFERROR(__xludf.DUMMYFUNCTION("""COMPUTED_VALUE"""),"F") -> F | H22: =IFERROR(__xludf.DUMMYFUNCTION("""COMPUTED_VALUE"""),"AZ.1MB") -> AZ.1MB | I22: =IFERROR(__xludf.DUMMYFUNCTION("""COMPUTED_VALUE"""),"M") -> M
E23: =IFERROR(__xludf.DUMMYFUNCTION("""COMPUTED_VALUE"""),"AĠ.8F") -> AĠ.8F | F23: =IFERROR(__xludf.DUMMYFUNCTION("""COMPUTED_VALUE"""),"F") -> F | H23: =IFERROR(__xludf.DUMMYFUNCTION("""COMPUTED_VALUE"""),"Bd.1F") -> Bd.1F | I23: =IFERROR(__xludf.DUMMYFUNCTION("""COMPUTED_VALUE"""),"F") -> F
A24: יחסים בין חומר שעובד לכזה שלא | E24: =IFERROR(__xludf.DUMMYFUNCTION("""COMPUTED_VALUE"""),"AĠ.9F") -> AĠ.9F | F24: =IFERROR(__xludf.DUMMYFUNCTION("""COMPUTED_VALUE"""),"F") -> F | H24: =IFERROR(__xludf.DUMMYFUNCTION("""COMPUTED_VALUE"""),"BD.3F") -> BD.3F | I24: =IFERROR(__xludf.DUMMYFUNCTION("""COMPUTED_VALUE"""),"F") -> F
B25: עובד | C25: =C7 -> 1.2047569 | E25: =IFERROR(__xludf.DUMMYFUNCTION("""COMPUTED_VALUE"""),"AǦh.1MB") -> AǦh.1MB | F25: =IFERROR(__xludf.DUMMYFUNCTION("""COMPUTED_VALUE"""),"M") -> M | H25: =IFERROR(__xludf.DUMMYFUNCTION("""COMPUTED_VALUE"""),"BD.5M") -> BD.5M | I25: =IFERROR(__xludf.DUMMYFUNCTION("""COMPUTED_VALUE"""),"M") -> M
B26: לא עובד | C26: =C15 -> 1.695 | E26: =IFERROR(__xludf.DUMMYFUNCTION("""COMPUTED_VALUE"""),"AǦh.2MB") -> AǦh.2MB | F26: =IFERROR(__xludf.DUMMYFUNCTION("""COMPUTED_VALUE"""),"M") -> M | H26: =IFERROR(__xludf.DUMMYFUNCTION("""COMPUTED_VALUE"""),"BD.6M") -> BD.6M | I26: =IFERROR(__xludf.DUMMYFUNCTION("""COMPUTED_VALUE"""),"M") -> M
E27: =IFERROR(__xludf.DUMMYFUNCTION("""COMPUTED_VALUE"""),"AǦh.3MB") -> AǦh.3MB | F27: =IFERROR(__xludf.DUMMYFUNCTION("""COMPUTED_VALUE"""),"M") -> M | H27: =IFERROR(__xludf.DUMMYFUNCTION("""COMPUTED_VALUE"""),"BF.1M") -> BF.1M | I27: =IFERROR(__xludf.DUMMYFUNCTION("""COMPUTED_VALUE"""),"M") -> M
A28: כמה יישובים מיוצגים? | E28: =IFERROR(__xludf.DUMMYFUNCTION("""COMPUTED_VALUE"""),"AǦh.4MB") -> AǦh.4MB | F28: =IFERROR(__xludf.DUMMYFUNCTION("""COMPUTED_VALUE"""),"M") -> M | H28: =IFERROR(__xludf.DUMMYFUNCTION("""COMPUTED_VALUE"""),"BF.2M") -> BF.2M | I28: =IFERROR(__xludf.DUMMYFUNCTION("""COMPUTED_VALUE"""),"M") -> M
B29: מכמה יישובים יש הקלטות | C29: =IFERROR(__xludf.DUMMYFUNCTION("COUNTUNIQUE(FILTER(TRIM(Recordings!A2:A1402), Recordings!A2:A1402<>"""", TRIM(Recordings!A2:A1402)<>""""))"),128.0) -> 128 | E29: =IFERROR(__xludf.DUMMYFUNCTION("""COMPUTED_VALUE"""),"AǦh.5MB") -> AǦh.5MB | F29: =IFERROR(__xludf.DUMMYFUNCTION("""COMPUTED_VALUE"""),"M") -> M | H29: =IFERROR(__xludf.DUMMYFUNCTION("""COMPUTED_VALUE"""),"BF.3F") -> BF.3F | I29: =IFERROR(__xludf.DUMMYFUNCTION("""COMPUTED_VALUE"""),"F") -> F
E30: =IFERROR(__xludf.DUMMYFUNCTION("""COMPUTED_VALUE"""),"AǦh.6MB") -> AǦh.6MB | F30: =IFERROR(__xludf.DUMMYFUNCTION("""COMPUTED_VALUE"""),"M") -> M | H30: =IFERROR(__xludf.DUMMYFUNCTION("""COMPUTED_VALUE"""),"BǦb.1M") -> BǦb.1M | I30: =IFERROR(__xludf.DUMMYFUNCTION("""COMPUTED_VALUE"""),"M") -> M
E31: =IFERROR(__xludf.DUMMYFUNCTION("""COMPUTED_VALUE"""),"AḤ.1FB") -> AḤ.1FB | F31: =IFERROR(__xludf.DUMMYFUNCTION("""COMPUTED_VALUE"""),"F") -> F | H31: =IFERROR(__xludf.DUMMYFUNCTION("""COMPUTED_VALUE"""),"BǦl.2F") -> BǦl.2F | I31: =IFERROR(__xludf.DUMMYFUNCTION("""COMPUTED_VALUE"""),"F") -> F
A32: ייצוג קהילות/דתות (WIP) | E32: =IFERROR(__xludf.DUMMYFUNCTION("""COMPUTED_VALUE"""),"AḤǧ.1MB") -> AḤǧ.1MB | F32: =IFERROR(__xludf.DUMMYFUNCTION("""COMPUTED_VALUE"""),"M") -> M | H32: =IFERROR(__xludf.DUMMYFUNCTION("""COMPUTED_VALUE"""),"BǦl.2M") -> BǦl.2M | I32: =IFERROR(__xludf.DUMMYFUNCTION("""COMPUTED_VALUE"""),"M") -> M
B33: Druze (Golan) | C33: =COUNTIF(Recordings!E:E, B33) -> 4 | E33: =IFERROR(__xludf.DUMMYFUNCTION("""COMPUTED_VALUE"""),"Ak.1M") -> Ak.1M | F33: =IFERROR(__xludf.DUMMYFUNCTION("""COMPUTED_VALUE"""),"M") -> M | H33: =IFERROR(__xludf.DUMMYFUNCTION("""COMPUTED_VALUE"""),"BǦl.3M") -> BǦl.3M | I33: =IFERROR(__xludf.DUMMYFUNCTION("""COMPUTED_VALUE"""),"M") -> M
B34: Alawite | C34: =COUNTIF(Recordings!E:E, B34) -> 1 | E34: =IFERROR(__xludf.DUMMYFUNCTION("""COMPUTED_VALUE"""),"Arb.1M") -> Arb.1M | F34: =IFERROR(__xludf.DUMMYFUNCTION("""COMPUTED_VALUE"""),"M") -> M | H34: =IFERROR(__xludf.DUMMYFUNCTION("""COMPUTED_VALUE"""),"BǦl.5M") -> BǦl.5M | I34: =IFERROR(__xludf.DUMMYFUNCTION("""COMPUTED_VALUE"""),"M") -> M
B35: Christian (Catholic) | C35: =COUNTIF(Recordings!E:E, B35) -> 23 | E35: =IFERROR(__xludf.DUMMYFUNCTION("""COMPUTED_VALUE"""),"Arb.2M") -> Arb.2M | F35: =IFERROR(__xludf.DUMMYFUNCTION("""COMPUTED_VALUE"""),"M") -> M | H35: =IFERROR(__xludf.DUMMYFUNCTION("""COMPUTED_VALUE"""),"BǦl.5MC") -> BǦl.5MC | I35: =IFERROR(__xludf.DUMMYFUNCTION("""COMPUTED_VALUE"""),"F") -> F
B36: Christian (Maronite) | C36: =COUNTIF(Recordings!E:E, B36) -> 12 | E36: =IFERROR(__xludf.DUMMYFUNCTION("""COMPUTED_VALUE"""),"Arb.3F") -> Arb.3F | F36: =IFERROR(__xludf.DUMMYFUNCTION("""COMPUTED_VALUE"""),"F") -> F | H36: =IFERROR(__xludf.DUMMYFUNCTION("""COMPUTED_VALUE"""),"BǦl.8M") -> BǦl.8M | I36: =IFERROR(__xludf.DUMMYFUNCTION("""COMPUTED_VALUE"""),"M") -> M
B37: Muslim | C37: =COUNTIF(Recordings!E:E, B37) -> 11 | E37: =IFERROR(__xludf.DUMMYFUNCTION("""COMPUTED_VALUE"""),"Arḥ.1F") -> Arḥ.1F | F37: =IFERROR(__xludf.DUMMYFUNCTION("""COMPUTED_VALUE"""),"F") -> F | H37: =IFERROR(__xludf.DUMMYFUNCTION("""COMPUTED_VALUE"""),"BĠr.1F") -> BĠr.1F | I37: =IFERROR(__xludf.DUMMYFUNCTION("""COMPUTED_VALUE"""),"F") -> F
B38: Christian (Orthodox) | C38: =COUNTIF(Recordings!E:E, B38) -> 32 | E38: =IFERROR(__xludf.DUMMYFUNCTION("""COMPUTED_VALUE"""),"Arḥ.2F") -> Arḥ.2F | F38: =IFERROR(__xludf.DUMMYFUNCTION("""COMPUTED_VALUE"""),"F") -> F | H38: =IFERROR(__xludf.DUMMYFUNCTION("""COMPUTED_VALUE"""),"BI.2F") -> BI.2F | I38: =IFERROR(__xludf.DUMMYFUNCTION("""COMPUTED_VALUE"""),"F") -> F
B39: Druze (Galilee) | C39: =COUNTIF(Recordings!E:E, B39) -> 16 | E39: =IFERROR(__xludf.DUMMYFUNCTION("""COMPUTED_VALUE"""),"Arr.1F") -> Arr.1F | F39: =IFERROR(__xludf.DUMMYFUNCTION("""COMPUTED_VALUE"""),"F") -> F | H39: =IFERROR(__xludf.DUMMYFUNCTION("""COMPUTED_VALUE"""),"BI.4F") -> BI.4F | I39: =IFERROR(__xludf.DUMMYFUNCTION("""COMPUTED_VALUE"""),"F") -> F
B40: Bedouin (Galilee) | C40: =COUNTIF(Recordings!E:E, B40) -> 14 | E40: =IFERROR(__xludf.DUMMYFUNCTION("""COMPUTED_VALUE"""),"Arš.1MB") -> Arš.1MB | F40: =IFERROR(__xludf.DUMMYFUNCTION("""COMPUTED_VALUE"""),"M") -> M | H40: =IFERROR(__xludf.DUMMYFUNCTION("""COMPUTED_VALUE"""),"BI.5M") -> BI.5M | I40: =IFERROR(__xludf.DUMMYFUNCTION("""COMPUTED_VALUE"""),"M") -> M
B41: ? | C41: =COUNTIF(Recordings!E:E, B41) -> 12 | E41: =IFERROR(__xludf.DUMMYFUNCTION("""COMPUTED_VALUE"""),"AŠ.1MB") -> AŠ.1MB | F41: =IFERROR(__xludf.DUMMYFUNCTION("""COMPUTED_VALUE"""),"M") -> M | H41: =IFERROR(__xludf.DUMMYFUNCTION("""COMPUTED_VALUE"""),"BIǧ.1M") -> BIǧ.1M | I41: =IFERROR(__xludf.DUMMYFUNCTION("""COMPUTED_VALUE"""),"M") -> M
B42: Christian | C42: =COUNTIF(Recordings!E:E, B42) -> 3 | E42: =IFERROR(__xludf.DUMMYFUNCTION("""COMPUTED_VALUE"""),"AŠ.2MB") -> AŠ.2MB | F42: =IFERROR(__xludf.DUMMYFUNCTION("""COMPUTED_VALUE"""),"M") -> M | H42: =IFERROR(__xludf.DUMMYFUNCTION("""COMPUTED_VALUE"""),"BIǧ.2F") -> BIǧ.2F | I42: =IFERROR(__xludf.DUMMYFUNCTION("""COMPUTED_VALUE"""),"F") -> F
B43: Christian (Protestant) | C43: =COUNTIF(Recordings!E:E, B43) -> 2 | E43: =IFERROR(__xludf.DUMMYFUNCTION("""COMPUTED_VALUE"""),"AŠ.3MB") -> AŠ.3MB | F43: =IFERROR(__xludf.DUMMYFUNCTION("""COMPUTED_VALUE"""),"M") -> M | H43: =IFERROR(__xludf.DUMMYFUNCTION("""COMPUTED_VALUE"""),"BIǧ.5F") -> BIǧ.5F | I43: =IFERROR(__xludf.DUMMYFUNCTION("""COMPUTED_VALUE"""),"F") -> F
B44: Jewish | C44: =COUNTIF(Recordings!E:E, B44) -> 1 | E44: =IFERROR(__xludf.DUMMYFUNCTION("""COMPUTED_VALUE"""),"ASn.1MC") -> ASn.1MC | F44: =IFERROR(__xludf.DUMMYFUNCTION("""COMPUTED_VALUE"""),"M") -> M | H44: =IFERROR(__xludf.DUMMYFUNCTION("""COMPUTED_VALUE"""),"BIk.1M") -> BIk.1M | I44: =IFERROR(__xludf.DUMMYFUNCTION("""COMPUTED_VALUE"""),"M") -> M
B45: Samaritans | C45: =COUNTIF(Recordings!E:E, B45) -> 6 | E45: =IFERROR(__xludf.DUMMYFUNCTION("""COMPUTED_VALUE"""),"ASn.2FC") -> ASn.2FC | F45: =IFERROR(__xludf.DUMMYFUNCTION("""COMPUTED_VALUE"""),"F") -> F | H45: =IFERROR(__xludf.DUMMYFUNCTION("""COMPUTED_VALUE"""),"BIk.2M") -> BIk.2M | I45: =IFERROR(__xludf.DUMMYFUNCTION("""COMPUTED_VALUE"""),"M") -> M
B46: Christian (Latin) | C46: =COUNTIF(Recordings!E:E, B46) -> 5 | E46: =IFERROR(__xludf.DUMMYFUNCTION("""COMPUTED_VALUE"""),"ASn.3MD") -> ASn.3MD | F46: =IFERROR(__xludf.DUMMYFUNCTION("""COMPUTED_VALUE"""),"M") -> M | H46: =IFERROR(__xludf.DUMMYFUNCTION("""COMPUTED_VALUE"""),"BIk.3M") -> BIk.3M | I46: =IFERROR(__xludf.DUMMYFUNCTION("""COMPUTED_VALUE"""),"M") -> M
B47: Armenian | C47: =COUNTIF(Recordings!E:E, B47) -> 3 | E47: =IFERROR(__xludf.DUMMYFUNCTION("""COMPUTED_VALUE"""),"ASn.4F") -> ASn.4F | F47: =IFERROR(__xludf.DUMMYFUNCTION("""COMPUTED_VALUE"""),"F") -> F | H47: =IFERROR(__xludf.DUMMYFUNCTION("""COMPUTED_VALUE"""),"BL.1FA") -> BL.1FA | I47: =IFERROR(__xludf.DUMMYFUNCTION("""COMPUTED_VALUE"""),"F") -> F
B48: Christian (Syriac) | C48: =COUNTIF(Recordings!E:E, B48) -> 2 | E48: =IFERROR(__xludf.DUMMYFUNCTION("""COMPUTED_VALUE"""),"AZ.1MB") -> AZ.1MB | F48: =IFERROR(__xludf.DUMMYFUNCTION("""COMPUTED_VALUE"""),"M") -> M | H48: =IFERROR(__xludf.DUMMYFUNCTION("""COMPUTED_VALUE"""),"Bl.2F") -> Bl.2F | I48: =IFERROR(__xludf.DUMMYFUNCTION("""COMPUTED_VALUE"""),"F") -> F
B49: Christian (Melkite*) | C49: =COUNTIF(Recordings!E:E, B49) -> 1 | E49: =IFERROR(__xludf.DUMMYFUNCTION("""COMPUTED_VALUE"""),"Bd.1F") -> Bd.1F | F49: =IFERROR(__xludf.DUMMYFUNCTION("""COMPUTED_VALUE"""),"F") -> F | H49: =IFERROR(__xludf.DUMMYFUNCTION("""COMPUTED_VALUE"""),"BL.2FS") -> BL.2FS | I49: =IFERROR(__xludf.DUMMYFUNCTION("""COMPUTED_VALUE"""),"F") -> F
B50: Armenian | C50: =COUNTIF(Recordings!E:E, B50) -> 3 | E50: =IFERROR(__xludf.DUMMYFUNCTION("""COMPUTED_VALUE"""),"BD.1M") -> BD.1M | F50: =IFERROR(__xludf.DUMMYFUNCTION("""COMPUTED_VALUE"""),"M") -> M | H50: =IFERROR(__xludf.DUMMYFUNCTION("""COMPUTED_VALUE"""),"BM.5M") -> BM.5M | I50: =IFERROR(__xludf.DUMMYFUNCTION("""COMPUTED_VALUE"""),"M") -> M
B51: C (Latin) | C51: =COUNTIF(Recordings!E:E, B51) -> 0 | E51: =IFERROR(__xludf.DUMMYFUNCTION("""COMPUTED_VALUE"""),"BD.2F") -> BD.2F | F51: =IFERROR(__xludf.DUMMYFUNCTION("""COMPUTED_VALUE"""),"F") -> F | H51: =IFERROR(__xludf.DUMMYFUNCTION("""COMPUTED_VALUE"""),"BN.1M") -> BN.1M | I51: =IFERROR(__xludf.DUMMYFUNCTION("""COMPUTED_VALUE"""),"M") -> M
B52: C (Orthodox) | C52: =COUNTIF(Recordings!E:E, B52) -> 0 | E52: =IFERROR(__xludf.DUMMYFUNCTION("""COMPUTED_VALUE"""),"Bd.2M") -> Bd.2M | F52: =IFERROR(__xludf.DUMMYFUNCTION("""COMPUTED_VALUE"""),"M") -> M | H52: =IFERROR(__xludf.DUMMYFUNCTION("""COMPUTED_VALUE"""),"BN.2M") -> BN.2M | I52: =IFERROR(__xludf.DUMMYFUNCTION("""COMPUTED_VALUE"""),"M") -> M
B53: Bedouin (Negev) | C53: =COUNTIF(Recordings!E:E, B53) -> 20 | E53: =IFERROR(__xludf.DUMMYFUNCTION("""COMPUTED_VALUE"""),"BD.3F") -> BD.3F | F53: =IFERROR(__xludf.DUMMYFUNCTION("""COMPUTED_VALUE"""),"F") -> F | H53: =IFERROR(__xludf.DUMMYFUNCTION("""COMPUTED_VALUE"""),"BNk.1F") -> BNk.1F | I53: =IFERROR(__xludf.DUMMYFUNCTION("""COMPUTED_VALUE"""),"F") -> F
E54: =IFERROR(__xludf.DUMMYFUNCTION("""COMPUTED_VALUE"""),"Bd.3M") -> Bd.3M | F54: =IFERROR(__xludf.DUMMYFUNCTION("""COMPUTED_VALUE"""),"M") -> M | H54: =IFERROR(__xludf.DUMMYFUNCTION("""COMPUTED_VALUE"""),"BNk.2F") -> BNk.2F | I54: =IFERROR(__xludf.DUMMYFUNCTION("""COMPUTED_VALUE"""),"F") -> F
B55: Blank (נתון קפוא!) | C55: 600 | E55: =IFERROR(__xludf.DUMMYFUNCTION("""COMPUTED_VALUE"""),"BD.4F") -> BD.4F | F55: =IFERROR(__xludf.DUMMYFUNCTION("""COMPUTED_VALUE"""),"F") -> F | H55: =IFERROR(__xludf.DUMMYFUNCTION("""COMPUTED_VALUE"""),"BNk.3M") -> BNk.3M | I55: =IFERROR(__xludf.DUMMYFUNCTION("""COMPUTED_VALUE"""),"M") -> M
E56: =IFERROR(__xludf.DUMMYFUNCTION("""COMPUTED_VALUE"""),"BD.5M") -> BD.5M | F56: =IFERROR(__xludf.DUMMYFUNCTION("""COMPUTED_VALUE"""),"M") -> M | H56: =IFERROR(__xludf.DUMMYFUNCTION("""COMPUTED_VALUE"""),"Bq.1FC") -> Bq.1FC | I56: =IFERROR(__xludf.DUMMYFUNCTION("""COMPUTED_VALUE"""),"F") -> F
E57: =IFERROR(__xludf.DUMMYFUNCTION("""COMPUTED_VALUE"""),"BD.6M") -> BD.6M | F57: =IFERROR(__xludf.DUMMYFUNCTION("""COMPUTED_VALUE"""),"M") -> M | H57: =IFERROR(__xludf.DUMMYFUNCTION("""COMPUTED_VALUE"""),"Bq.2MD") -> Bq.2MD | I57: =IFERROR(__xludf.DUMMYFUNCTION("""COMPUTED_VALUE"""),"M") -> M
E58: =IFERROR(__xludf.DUMMYFUNCTION("""COMPUTED_VALUE"""),"BF.1M") -> BF.1M | F58: =IFERROR(__xludf.DUMMYFUNCTION("""COMPUTED_VALUE"""),"M") -> M | H58: =IFERROR(__xludf.DUMMYFUNCTION("""COMPUTED_VALUE"""),"Bq.3MC") -> Bq.3MC | I58: =IFERROR(__xludf.DUMMYFUNCTION("""COMPUTED_VALUE"""),"M") -> M
E59: =IFERROR(__xludf.DUMMYFUNCTION("""COMPUTED_VALUE"""),"BF.2M") -> BF.2M | F59: =IFERROR(__xludf.DUMMYFUNCTION("""COMPUTED_VALUE"""),"M") -> M | H59: =IFERROR(__xludf.DUMMYFUNCTION("""COMPUTED_VALUE"""),"Bq.4FD") -> Bq.4FD | I59: =IFERROR(__xludf.DUMMYFUNCTION("""COMPUTED_VALUE"""),"F") -> F
E60: =IFERROR(__xludf.DUMMYFUNCTION("""COMPUTED_VALUE"""),"BF.3F") -> BF.3F | F60: =IFERROR(__xludf.DUMMYFUNCTION("""COMPUTED_VALUE"""),"F") -> F | H60: =IFERROR(__xludf.DUMMYFUNCTION("""COMPUTED_VALUE"""),"Br.1FC") -> Br.1FC | I60: =IFERROR(__xludf.DUMMYFUNCTION("""COMPUTED_VALUE"""),"F") -> F
E61: =IFERROR(__xludf.DUMMYFUNCTION("""COMPUTED_VALUE"""),"BǦb.1M") -> BǦb.1M | F61: =IFERROR(__xludf.DUMMYFUNCTION("""COMPUTED_VALUE"""),"M") -> M | H61: =IFERROR(__xludf.DUMMYFUNCTION("""COMPUTED_VALUE"""),"Br.2MC") -> Br.2MC | I61: =IFERROR(__xludf.DUMMYFUNCTION("""COMPUTED_VALUE"""),"M") -> M
E62: =IFERROR(__xludf.DUMMYFUNCTION("""COMPUTED_VALUE"""),"BǦl.10MC") -> BǦl.10MC | F62: =IFERROR(__xludf.DUMMYFUNCTION("""COMPUTED_VALUE"""),"M") -> M | H62: =IFERROR(__xludf.DUMMYFUNCTION("""COMPUTED_VALUE"""),"Br.5MC") -> Br.5MC | I62: =IFERROR(__xludf.DUMMYFUNCTION("""COMPUTED_VALUE"""),"M") -> M
E63: =IFERROR(__xludf.DUMMYFUNCTION("""COMPUTED_VALUE"""),"BǦl.11MC") -> BǦl.11MC | F63: =IFERROR(__xludf.DUMMYFUNCTION("""COMPUTED_VALUE"""),"M") -> M | H63: =IFERROR(__xludf.DUMMYFUNCTION("""COMPUTED_VALUE"""),"BṢ.12F") -> BṢ.12F | I63: =IFERROR(__xludf.DUMMYFUNCTION("""COMPUTED_VALUE"""),"F") -> F
E64: =IFERROR(__xludf.DUMMYFUNCTION("""COMPUTED_VALUE"""),"BǦl.1M") -> BǦl.1M | F64: =IFERROR(__xludf.DUMMYFUNCTION("""COMPUTED_VALUE"""),"M") -> M | H64: =IFERROR(__xludf.DUMMYFUNCTION("""COMPUTED_VALUE"""),"BṢ.13F") -> BṢ.13F | I64: =IFERROR(__xludf.DUMMYFUNCTION("""COMPUTED_VALUE"""),"F") -> F
E65: =IFERROR(__xludf.DUMMYFUNCTION("""COMPUTED_VALUE"""),"BǦl.2F") -> BǦl.2F | F65: =IFERROR(__xludf.DUMMYFUNCTION("""COMPUTED_VALUE"""),"F") -> F | H65: =IFERROR(__xludf.DUMMYFUNCTION("""COMPUTED_VALUE"""),"BṢ.1M") -> BṢ.1M | I65: =IFERROR(__xludf.DUMMYFUNCTION("""COMPUTED_VALUE"""),"M") -> M
E66: =IFERROR(__xludf.DUMMYFUNCTION("""COMPUTED_VALUE"""),"BǦl.2M") -> BǦl.2M | F66: =IFERROR(__xludf.DUMMYFUNCTION("""COMPUTED_VALUE"""),"M") -> M | H66: =IFERROR(__xludf.DUMMYFUNCTION("""COMPUTED_VALUE"""),"BṢ.2F") -> BṢ.2F | I66: =IFERROR(__xludf.DUMMYFUNCTION("""COMPUTED_VALUE"""),"F") -> F
E67: =IFERROR(__xludf.DUMMYFUNCTION("""COMPUTED_VALUE"""),"BǦl.3M") -> BǦl.3M | F67: =IFERROR(__xludf.DUMMYFUNCTION("""COMPUTED_VALUE"""),"M") -> M | H67: =IFERROR(__xludf.DUMMYFUNCTION("""COMPUTED_VALUE"""),"BS.3F") -> BS.3F | I67: =IFERROR(__xludf.DUMMYFUNCTION("""COMPUTED_VALUE"""),"F") -> F
E68: =IFERROR(__xludf.DUMMYFUNCTION("""COMPUTED_VALUE"""),"BǦl.4M") -> BǦl.4M | F68: =IFERROR(__xludf.DUMMYFUNCTION("""COMPUTED_VALUE"""),"M") -> M | H68: =IFERROR(__xludf.DUMMYFUNCTION("""COMPUTED_VALUE"""),"BṢ.3F") -> BṢ.3F | I68: =IFERROR(__xludf.DUMMYFUNCTION("""COMPUTED_VALUE"""),"F") -> F
E69: =IFERROR(__xludf.DUMMYFUNCTION("""COMPUTED_VALUE"""),"BǦl.5M") -> BǦl.5M | F69: =IFERROR(__xludf.DUMMYFUNCTION("""COMPUTED_VALUE"""),"M") -> M | H69: =IFERROR(__xludf.DUMMYFUNCTION("""COMPUTED_VALUE"""),"BṢ.4F") -> BṢ.4F | I69: =IFERROR(__xludf.DUMMYFUNCTION("""COMPUTED_VALUE"""),"F") -> F
E70: =IFERROR(__xludf.DUMMYFUNCTION("""COMPUTED_VALUE"""),"BǦl.5MC") -> BǦl.5MC | F70: =IFERROR(__xludf.DUMMYFUNCTION("""COMPUTED_VALUE"""),"F") -> F | H70: =IFERROR(__xludf.DUMMYFUNCTION("""COMPUTED_VALUE"""),"BS.4M") -> BS.4M | I70: =IFERROR(__xludf.DUMMYFUNCTION("""COMPUTED_VALUE"""),"M") -> M
E71: =IFERROR(__xludf.DUMMYFUNCTION("""COMPUTED_VALUE"""),"BǦl.8M") -> BǦl.8M | F71: =IFERROR(__xludf.DUMMYFUNCTION("""COMPUTED_VALUE"""),"M") -> M | H71: =IFERROR(__xludf.DUMMYFUNCTION("""COMPUTED_VALUE"""),"BṢ.5F") -> BṢ.5F | I71: =IFERROR(__xludf.DUMMYFUNCTION("""COMPUTED_VALUE"""),"F") -> F
E72: =IFERROR(__xludf.DUMMYFUNCTION("""COMPUTED_VALUE"""),"BǦl.9MC") -> BǦl.9MC | F72: =IFERROR(__xludf.DUMMYFUNCTION("""COMPUTED_VALUE"""),"M") -> M | H72: =IFERROR(__xludf.DUMMYFUNCTION("""COMPUTED_VALUE"""),"BS.5M") -> BS.5M | I72: =IFERROR(__xludf.DUMMYFUNCTION("""COMPUTED_VALUE"""),"M") -> M
E73: =IFERROR(__xludf.DUMMYFUNCTION("""COMPUTED_VALUE"""),"BĠr.1F") -> BĠr.1F | F73: =IFERROR(__xludf.DUMMYFUNCTION("""COMPUTED_VALUE"""),"F") -> F | H73: =IFERROR(__xludf.DUMMYFUNCTION("""COMPUTED_VALUE"""),"BṢ.6M") -> BṢ.6M | I73: =IFERROR(__xludf.DUMMYFUNCTION("""COMPUTED_VALUE"""),"M") -> M
E74: =IFERROR(__xludf.DUMMYFUNCTION("""COMPUTED_VALUE"""),"BI.1F") -> BI.1F | F74: =IFERROR(__xludf.DUMMYFUNCTION("""COMPUTED_VALUE"""),"F") -> F | H74: =IFERROR(__xludf.DUMMYFUNCTION("""COMPUTED_VALUE"""),"BṢ.7M") -> BṢ.7M | I74: =IFERROR(__xludf.DUMMYFUNCTION("""COMPUTED_VALUE"""),"M") -> M
E75: =IFERROR(__xludf.DUMMYFUNCTION("""COMPUTED_VALUE"""),"BI.2F") -> BI.2F | F75: =IFERROR(__xludf.DUMMYFUNCTION("""COMPUTED_VALUE"""),"F") -> F | H75: =IFERROR(__xludf.DUMMYFUNCTION("""COMPUTED_VALUE"""),"BSḥ.10M") -> BSḥ.10M | I75: =IFERROR(__xludf.DUMMYFUNCTION("""COMPUTED_VALUE"""),"M") -> M
E76: =IFERROR(__xludf.DUMMYFUNCTION("""COMPUTED_VALUE"""),"BI.3F") -> BI.3F | F76: =IFERROR(__xludf.DUMMYFUNCTION("""COMPUTED_VALUE"""),"F") -> F | H76: =IFERROR(__xludf.DUMMYFUNCTION("""COMPUTED_VALUE"""),"BSḥ.15F") -> BSḥ.15F | I76: =IFERROR(__xludf.DUMMYFUNCTION("""COMPUTED_VALUE"""),"F") -> F
E77: =IFERROR(__xludf.DUMMYFUNCTION("""COMPUTED_VALUE"""),"BI.4F") -> BI.4F | F77: =IFERROR(__xludf.DUMMYFUNCTION("""COMPUTED_VALUE"""),"F") -> F | H77: =IFERROR(__xludf.DUMMYFUNCTION("""COMPUTED_VALUE"""),"BSḥ.1MC") -> BSḥ.1MC | I77: =IFERROR(__xludf.DUMMYFUNCTION("""COMPUTED_VALUE"""),"M") -> M
E78: =IFERROR(__xludf.DUMMYFUNCTION("""COMPUTED_VALUE"""),"BI.5M") -> BI.5M | F78: =IFERROR(__xludf.DUMMYFUNCTION("""COMPUTED_VALUE"""),"M") -> M | H78: =IFERROR(__xludf.DUMMYFUNCTION("""COMPUTED_VALUE"""),"BSḥ.5MC") -> BSḥ.5MC | I78: =IFERROR(__xludf.DUMMYFUNCTION("""COMPUTED_VALUE"""),"M") -> M
E79: =IFERROR(__xludf.DUMMYFUNCTION("""COMPUTED_VALUE"""),"BI.6M") -> BI.6M | F79: =IFERROR(__xludf.DUMMYFUNCTION("""COMPUTED_VALUE"""),"M") -> M | H79: =IFERROR(__xludf.DUMMYFUNCTION("""COMPUTED_VALUE"""),"BSḥ.6FC") -> BSḥ.6FC | I79: =IFERROR(__xludf.DUMMYFUNCTION("""COMPUTED_VALUE"""),"F") -> F
E80: =IFERROR(__xludf.DUMMYFUNCTION("""COMPUTED_VALUE"""),"BIǧ.1M") -> BIǧ.1M | F80: =IFERROR(__xludf.DUMMYFUNCTION("""COMPUTED_VALUE"""),"M") -> M | H80: =IFERROR(__xludf.DUMMYFUNCTION("""COMPUTED_VALUE"""),"BSḥ.7FC") -> BSḥ.7FC | I80: =IFERROR(__xludf.DUMMYFUNCTION("""COMPUTED_VALUE"""),"F") -> F
E81: =IFERROR(__xludf.DUMMYFUNCTION("""COMPUTED_VALUE"""),"BIǧ.2F") -> BIǧ.2F | F81: =IFERROR(__xludf.DUMMYFUNCTION("""COMPUTED_VALUE"""),"F") -> F | H81: =IFERROR(__xludf.DUMMYFUNCTION("""COMPUTED_VALUE"""),"BSḥ.8MC") -> BSḥ.8MC | I81: =IFERROR(__xludf.DUMMYFUNCTION("""COMPUTED_VALUE"""),"M") -> M
E82: =IFERROR(__xludf.DUMMYFUNCTION("""COMPUTED_VALUE"""),"BIǧ.3F") -> BIǧ.3F | F82: =IFERROR(__xludf.DUMMYFUNCTION("""COMPUTED_VALUE"""),"F") -> F | H82: =IFERROR(__xludf.DUMMYFUNCTION("""COMPUTED_VALUE"""),"BSḥ.9FC") -> BSḥ.9FC | I82: =IFERROR(__xludf.DUMMYFUNCTION("""COMPUTED_VALUE"""),"F") -> F
E83: =IFERROR(__xludf.DUMMYFUNCTION("""COMPUTED_VALUE"""),"BIǧ.4F") -> BIǧ.4F | F83: =IFERROR(__xludf.DUMMYFUNCTION("""COMPUTED_VALUE"""),"F") -> F | H83: =IFERROR(__xludf.DUMMYFUNCTION("""COMPUTED_VALUE"""),"Bt.1M") -> Bt.1M | I83: =IFERROR(__xludf.DUMMYFUNCTION("""COMPUTED_VALUE"""),"M") -> M
E84: =IFERROR(__xludf.DUMMYFUNCTION("""COMPUTED_VALUE"""),"BIǧ.5F") -> BIǧ.5F | F84: =IFERROR(__xludf.DUMMYFUNCTION("""COMPUTED_VALUE"""),"F") -> F | H84: =IFERROR(__xludf.DUMMYFUNCTION("""COMPUTED_VALUE"""),"BŪ.1F") -> BŪ.1F | I84: =IFERROR(__xludf.DUMMYFUNCTION("""COMPUTED_VALUE"""),"F") -> F
E85: =IFERROR(__xludf.DUMMYFUNCTION("""COMPUTED_VALUE"""),"BIk.1M") -> BIk.1M | F85: =IFERROR(__xludf.DUMMYFUNCTION("""COMPUTED_VALUE"""),"M") -> M | H85: =IFERROR(__xludf.DUMMYFUNCTION("""COMPUTED_VALUE"""),"BU.1M") -> BU.1M | I85: =IFERROR(__xludf.DUMMYFUNCTION("""COMPUTED_VALUE"""),"M") -> M
E86: =IFERROR(__xludf.DUMMYFUNCTION("""COMPUTED_VALUE"""),"BIk.2M") -> BIk.2M | F86: =IFERROR(__xludf.DUMMYFUNCTION("""COMPUTED_VALUE"""),"M") -> M | H86: =IFERROR(__xludf.DUMMYFUNCTION("""COMPUTED_VALUE"""),"BUr.2M") -> BUr.2M | I86: =IFERROR(__xludf.DUMMYFUNCTION("""COMPUTED_VALUE"""),"M") -> M
E87: =IFERROR(__xludf.DUMMYFUNCTION("""COMPUTED_VALUE"""),"BIk.3M") -> BIk.3M | F87: =IFERROR(__xludf.DUMMYFUNCTION("""COMPUTED_VALUE"""),"M") -> M | H87: =IFERROR(__xludf.DUMMYFUNCTION("""COMPUTED_VALUE"""),"Byr.2FB") -> Byr.2FB | I87: =IFERROR(__xludf.DUMMYFUNCTION("""COMPUTED_VALUE"""),"F") -> F
E88: =IFERROR(__xludf.DUMMYFUNCTION("""COMPUTED_VALUE"""),"BIk.4M") -> BIk.4M | F88: =IFERROR(__xludf.DUMMYFUNCTION("""COMPUTED_VALUE"""),"M") -> M | H88: =IFERROR(__xludf.DUMMYFUNCTION("""COMPUTED_VALUE"""),"BZ.1M") -> BZ.1M | I88: =IFERROR(__xludf.DUMMYFUNCTION("""COMPUTED_VALUE"""),"M") -> M
E89: =IFERROR(__xludf.DUMMYFUNCTION("""COMPUTED_VALUE"""),"BIk.5M") -> BIk.5M | F89: =IFERROR(__xludf.DUMMYFUNCTION("""COMPUTED_VALUE"""),"M") -> M | H89: =IFERROR(__xludf.DUMMYFUNCTION("""COMPUTED_VALUE"""),"BZ.2M") -> BZ.2M | I89: =IFERROR(__xludf.DUMMYFUNCTION("""COMPUTED_VALUE"""),"M") -> M
E90: =IFERROR(__xludf.DUMMYFUNCTION("""COMPUTED_VALUE"""),"BIk.6M") -> BIk.6M | F90: =IFERROR(__xludf.DUMMYFUNCTION("""COMPUTED_VALUE"""),"M") -> M | H90: =IFERROR(__xludf.DUMMYFUNCTION("""COMPUTED_VALUE"""),"BZ.3M") -> BZ.3M | I90: =IFERROR(__xludf.DUMMYFUNCTION("""COMPUTED_VALUE"""),"M") -> M
E91: =IFERROR(__xludf.DUMMYFUNCTION("""COMPUTED_VALUE"""),"BIk.7F") -> BIk.7F | F91: =IFERROR(__xludf.DUMMYFUNCTION("""COMPUTED_VALUE"""),"F") -> F | H91: =IFERROR(__xludf.DUMMYFUNCTION("""COMPUTED_VALUE"""),"BZ.4M") -> BZ.4M | I91: =IFERROR(__xludf.DUMMYFUNCTION("""COMPUTED_VALUE"""),"M") -> M
E92: =IFERROR(__xludf.DUMMYFUNCTION("""COMPUTED_VALUE"""),"BL .3MM") -> BL .3MM | F92: =IFERROR(__xludf.DUMMYFUNCTION("""COMPUTED_VALUE"""),"M") -> M | H92: =IFERROR(__xludf.DUMMYFUNCTION("""COMPUTED_VALUE"""),"BZ.5M") -> BZ.5M | I92: =IFERROR(__xludf.DUMMYFUNCTION("""COMPUTED_VALUE"""),"M") -> M
E93: =IFERROR(__xludf.DUMMYFUNCTION("""COMPUTED_VALUE"""),"Bl.1F") -> Bl.1F | F93: =IFERROR(__xludf.DUMMYFUNCTION("""COMPUTED_VALUE"""),"F") -> F | H93: =IFERROR(__xludf.DUMMYFUNCTION("""COMPUTED_VALUE"""),"DA.1F") -> DA.1F | I93: =IFERROR(__xludf.DUMMYFUNCTION("""COMPUTED_VALUE"""),"F") -> F
E94: =IFERROR(__xludf.DUMMYFUNCTION("""COMPUTED_VALUE"""),"BL.1FA") -> BL.1FA | F94: =IFERROR(__xludf.DUMMYFUNCTION("""COMPUTED_VALUE"""),"F") -> F | H94: =IFERROR(__xludf.DUMMYFUNCTION("""COMPUTED_VALUE"""),"Dr.1FB") -> Dr.1FB | I94: =IFERROR(__xludf.DUMMYFUNCTION("""COMPUTED_VALUE"""),"F") -> F
E95: =IFERROR(__xludf.DUMMYFUNCTION("""COMPUTED_VALUE"""),"Bl.2F") -> Bl.2F | F95: =IFERROR(__xludf.DUMMYFUNCTION("""COMPUTED_VALUE"""),"F") -> F | H95: =IFERROR(__xludf.DUMMYFUNCTION("""COMPUTED_VALUE"""),"DṢ.1F") -> DṢ.1F | I95: =IFERROR(__xludf.DUMMYFUNCTION("""COMPUTED_VALUE"""),"F") -> F
E96: =IFERROR(__xludf.DUMMYFUNCTION("""COMPUTED_VALUE"""),"BL.2FS") -> BL.2FS | F96: =IFERROR(__xludf.DUMMYFUNCTION("""COMPUTED_VALUE"""),"F") -> F | H96: =IFERROR(__xludf.DUMMYFUNCTION("""COMPUTED_VALUE"""),"DṢ.2M") -> DṢ.2M | I96: =IFERROR(__xludf.DUMMYFUNCTION("""COMPUTED_VALUE"""),"M") -> M
E97: =IFERROR(__xludf.DUMMYFUNCTION("""COMPUTED_VALUE"""),"Bl.3F") -> Bl.3F | F97: =IFERROR(__xludf.DUMMYFUNCTION("""COMPUTED_VALUE"""),"F") -> F | H97: =IFERROR(__xludf.DUMMYFUNCTION("""COMPUTED_VALUE"""),"EḤ.1M") -> EḤ.1M | I97: =IFERROR(__xludf.DUMMYFUNCTION("""COMPUTED_VALUE"""),"M") -> M
E98: =IFERROR(__xludf.DUMMYFUNCTION("""COMPUTED_VALUE"""),"BM.1M") -> BM.1M | F98: =IFERROR(__xludf.DUMMYFUNCTION("""COMPUTED_VALUE"""),"M") -> M | H98: =IFERROR(__xludf.DUMMYFUNCTION("""COMPUTED_VALUE"""),"El.2FB") -> El.2FB | I98: =IFERROR(__xludf.DUMMYFUNCTION("""COMPUTED_VALUE"""),"F") -> F
E99: =IFERROR(__xludf.DUMMYFUNCTION("""COMPUTED_VALUE"""),"BM.2F") -> BM.2F | F99: =IFERROR(__xludf.DUMMYFUNCTION("""COMPUTED_VALUE"""),"F") -> F | H99: =IFERROR(__xludf.DUMMYFUNCTION("""COMPUTED_VALUE"""),"EQ.1MD") -> EQ.1MD | I99: =IFERROR(__xludf.DUMMYFUNCTION("""COMPUTED_VALUE"""),"M") -> M
E100: =IFERROR(__xludf.DUMMYFUNCTION("""COMPUTED_VALUE"""),"BM.3M") -> BM.3M | F100: =IFERROR(__xludf.DUMMYFUNCTION("""COMPUTED_VALUE"""),"M") -> M | H100: =IFERROR(__xludf.DUMMYFUNCTION("""COMPUTED_VALUE"""),"Fr.1F") -> Fr.1F | I100: =IFERROR(__xludf.DUMMYFUNCTION("""COMPUTED_VALUE"""),"F") -> F
...
